user_id,plan,monthly_revenue,churned
1,Basic,20,0
2,Basic,20,0
3,Enterprise,120,0
4,Free,0,1
5,Free,0,0
6,Free,0,0
7,Free,0,1
8,Free,0,1
9,Basic,20,0
10,Free,0,1
11,Free,0,1
12,Pro,50,1
13,Free,0,1
14,Free,0,0
15,Free,0,0
16,Enterprise,120,0
17,Free,0,0
18,Pro,50,1
19,Pro,50,0
20,Free,0,1
21,Enterprise,120,0
22,Free,0,0
23,Free,0,0
24,Pro,50,0
25,Pro,50,1
26,Basic,20,0
27,Free,0,0
28,Basic,20,0
29,Pro,50,1
30,Free,0,1
31,Free,0,0
32,Free,0,1
33,Free,0,1
34,Pro,50,0
35,Basic,20,1
36,Enterprise,120,0
37,Free,0,1
38,Pro,50,0
39,Free,0,0
40,Free,0,0
41,Free,0,1
42,Free,0,1
43,Basic,20,0
44,Enterprise,120,0
45,Basic,20,1
46,Free,0,0
47,Free,0,1
48,Free,0,1
49,Basic,20,1
50,Pro,50,0
51,Enterprise,120,0
52,Free,0,1
53,Basic,20,0
54,Basic,20,0
55,Basic,20,1
56,Basic,20,1
57,Basic,20,1
58,Basic,20,0
59,Free,0,1
60,Pro,50,1
61,Free,0,0
62,Basic,20,1
63,Basic,20,0
64,Basic,20,0
65,Enterprise,120,0
66,Pro,50,0
67,Pro,50,1
68,Basic,20,0
69,Pro,50,0
70,Basic,20,0
71,Pro,50,1
72,Basic,20,0
73,Enterprise,120,1
74,Enterprise,120,0
75,Pro,50,0
76,Free,0,1
77,Free,0,1
78,Pro,50,0
79,Free,0,0
80,Pro,50,0
81,Basic,20,0
82,Basic,20,0
83,Enterprise,120,1
84,Basic,20,0
85,Basic,20,1
86,Basic,20,0
87,Free,0,1
88,Pro,50,0
89,Free,0,1
90,Enterprise,120,0
91,Pro,50,0
92,Free,0,0
93,Pro,50,0
94,Basic,20,0
95,Free,0,0
96,Enterprise,120,0
97,Free,0,0
98,Free,0,1
99,Basic,20,0
100,Basic,20,0
101,Basic,20,0
102,Pro,50,0
103,Basic,20,0
104,Basic,20,1
105,Free,0,1
106,Free,0,1
107,Free,0,1
108,Free,0,0
109,Basic,20,0
110,Free,0,0
111,Free,0,0
112,Free,0,1
113,Enterprise,120,0
114,Enterprise,120,0
115,Basic,20,0
116,Enterprise,120,0
117,Pro,50,0
118,Basic,20,0
119,Free,0,1
120,Pro,50,0
121,Pro,50,0
122,Basic,20,0
123,Pro,50,0
124,Basic,20,0
125,Pro,50,0
126,Enterprise,120,0
127,Free,0,0
128,Pro,50,0
129,Basic,20,0
130,Basic,20,1
131,Pro,50,0
132,Free,0,1
133,Basic,20,0
134,Free,0,1
135,Basic,20,0
136,Basic,20,0
137,Pro,50,0
138,Free,0,1
139,Basic,20,0
140,Free,0,0
141,Pro,50,0
142,Enterprise,120,1
143,Enterprise,120,0
144,Pro,50,0
145,Pro,50,1
146,Free,0,1
147,Free,0,1
148,Basic,20,0
149,Pro,50,0
150,Enterprise,120,1
151,Free,0,1
152,Enterprise,120,0
153,Basic,20,0
154,Basic,20,1
155,Free,0,1
156,Free,0,0
157,Basic,20,0
158,Basic,20,0
159,Free,0,0
160,Basic,20,0
161,Pro,50,0
162,Pro,50,0
163,Enterprise,120,0
164,Free,0,1
165,Free,0,0
166,Pro,50,0
167,Basic,20,1
168,Free,0,0
169,Free,0,1
170,Basic,20,1
171,Free,0,1
172,Free,0,1
173,Free,0,1
174,Free,0,0
175,Basic,20,0
176,Basic,20,0
177,Basic,20,0
178,Free,0,0
179,Free,0,0
180,Basic,20,0
181,Basic,20,0
182,Basic,20,0
183,Free,0,0
184,Enterprise,120,0
185,Free,0,1
186,Basic,20,0
187,Basic,20,0
188,Basic,20,0
189,Free,0,0
190,Basic,20,0
191,Pro,50,0
192,Free,0,1
193,Free,0,1
194,Free,0,1
195,Pro,50,0
196,Free,0,0
197,Enterprise,120,0
198,Basic,20,0
199,Enterprise,120,0
200,Enterprise,120,0
201,Basic,20,0
202,Free,0,0
203,Free,0,0
204,Free,0,1
205,Pro,50,0
206,Free,0,1
207,Free,0,1
208,Basic,20,0
209,Enterprise,120,0
210,Free,0,0
211,Free,0,1
212,Free,0,1
213,Enterprise,120,0
214,Basic,20,1
215,Free,0,1
216,Free,0,1
217,Free,0,1
218,Free,0,1
219,Enterprise,120,0
220,Pro,50,0
221,Basic,20,1
222,Pro,50,0
223,Free,0,0
224,Pro,50,0
225,Pro,50,0
226,Free,0,0
227,Pro,50,0
228,Free,0,1
229,Free,0,0
230,Free,0,0
231,Basic,20,0
232,Pro,50,0
233,Enterprise,120,0
234,Basic,20,0
235,Pro,50,0
236,Pro,50,0
237,Free,0,1
238,Basic,20,0
239,Free,0,1
240,Basic,20,1
241,Enterprise,120,0
242,Free,0,1
243,Pro,50,1
244,Basic,20,1
245,Basic,20,0
246,Free,0,0
247,Free,0,0
248,Free,0,1
249,Free,0,1
250,Free,0,1
251,Basic,20,0
252,Free,0,1
253,Pro,50,1
254,Basic,20,1
255,Basic,20,0
256,Basic,20,0
257,Basic,20,0
258,Enterprise,120,0
259,Free,0,1
260,Free,0,1
261,Pro,50,0
262,Free,0,1
263,Free,0,1
264,Free,0,1
265,Free,0,1
266,Basic,20,0
267,Free,0,0
268,Pro,50,0
269,Pro,50,0
270,Basic,20,0
271,Basic,20,0
272,Pro,50,1
273,Free,0,1
274,Pro,50,0
275,Pro,50,1
276,Pro,50,0
277,Basic,20,0
278,Free,0,1
279,Basic,20,1
280,Pro,50,0
281,Free,0,0
282,Pro,50,0
283,Free,0,1
284,Free,0,1
285,Free,0,1
286,Free,0,0
287,Basic,20,0
288,Free,0,1
289,Enterprise,120,1
290,Basic,20,0
291,Free,0,1
292,Basic,20,1
293,Pro,50,0
294,Pro,50,0
295,Free,0,1
296,Pro,50,0
297,Pro,50,0
298,Free,0,1
299,Free,0,0
300,Basic,20,0
301,Free,0,1
302,Pro,50,0
303,Free,0,1
304,Enterprise,120,0
305,Basic,20,0
306,Free,0,1
307,Free,0,1
308,Basic,20,0
309,Pro,50,1
310,Pro,50,0
311,Free,0,0
312,Free,0,1
313,Free,0,1
314,Basic,20,0
315,Free,0,0
316,Basic,20,0
317,Basic,20,1
318,Enterprise,120,0
319,Free,0,1
320,Free,0,1
321,Basic,20,1
322,Basic,20,1
323,Free,0,1
324,Enterprise,120,0
325,Pro,50,0
326,Free,0,1
327,Free,0,1
328,Basic,20,0
329,Pro,50,1
330,Free,0,0
331,Basic,20,0
332,Basic,20,0
333,Free,0,1
334,Basic,20,0
335,Enterprise,120,0
336,Free,0,1
337,Free,0,1
338,Basic,20,0
339,Pro,50,0
340,Enterprise,120,0
341,Basic,20,0
342,Pro,50,0
343,Basic,20,1
344,Basic,20,0
345,Free,0,0
346,Free,0,0
347,Free,0,0
348,Basic,20,1
349,Free,0,1
350,Enterprise,120,0
351,Free,0,1
352,Free,0,1
353,Basic,20,0
354,Pro,50,0
355,Free,0,1
356,Free,0,0
357,Enterprise,120,0
358,Free,0,0
359,Free,0,0
360,Pro,50,0
361,Free,0,1
362,Basic,20,1
363,Free,0,1
364,Free,0,1
365,Free,0,1
366,Free,0,1
367,Free,0,1
368,Free,0,1
369,Pro,50,0
370,Free,0,1
371,Basic,20,0
372,Pro,50,0
373,Basic,20,1
374,Free,0,0
375,Enterprise,120,0
376,Free,0,1
377,Free,0,1
378,Pro,50,0
379,Basic,20,1
380,Basic,20,0
381,Free,0,1
382,Basic,20,0
383,Free,0,0
384,Enterprise,120,0
385,Free,0,1
386,Pro,50,0
387,Basic,20,1
388,Pro,50,1
389,Pro,50,0
390,Basic,20,1
391,Free,0,0
392,Free,0,1
393,Free,0,0
394,Pro,50,0
395,Pro,50,0
396,Basic,20,1
397,Free,0,0
398,Free,0,0
399,Basic,20,0
400,Basic,20,0
401,Pro,50,0
402,Enterprise,120,1
403,Free,0,1
404,Basic,20,0
405,Basic,20,0
406,Free,0,1
407,Free,0,1
408,Free,0,0
409,Pro,50,1
410,Basic,20,1
411,Basic,20,1
412,Enterprise,120,0
413,Pro,50,1
414,Free,0,0
415,Basic,20,0
416,Basic,20,0
417,Pro,50,0
418,Pro,50,1
419,Basic,20,0
420,Free,0,0
421,Pro,50,0
422,Free,0,1
423,Free,0,0
424,Free,0,0
425,Free,0,1
426,Free,0,1
427,Pro,50,0
428,Enterprise,120,0
429,Free,0,0
430,Free,0,0
431,Free,0,0
432,Free,0,1
433,Free,0,1
434,Enterprise,120,0
435,Free,0,1
436,Basic,20,0
437,Free,0,1
438,Pro,50,0
439,Pro,50,0
440,Enterprise,120,0
441,Pro,50,0
442,Free,0,0
443,Free,0,1
444,Basic,20,1
445,Free,0,1
446,Basic,20,0
447,Free,0,0
448,Free,0,0
449,Basic,20,0
450,Basic,20,1
451,Pro,50,1
452,Free,0,0
453,Basic,20,0
454,Free,0,0
455,Free,0,1
456,Basic,20,1
457,Free,0,0
458,Free,0,0
459,Free,0,1
460,Free,0,0
461,Free,0,1
462,Free,0,0
463,Free,0,0
464,Free,0,0
465,Basic,20,0
466,Free,0,1
467,Free,0,0
468,Free,0,0
469,Basic,20,0
470,Pro,50,0
471,Pro,50,1
472,Pro,50,0
473,Basic,20,0
474,Basic,20,0
475,Basic,20,0
476,Free,0,1
477,Free,0,1
478,Free,0,1
479,Enterprise,120,0
480,Basic,20,0
481,Pro,50,0
482,Free,0,1
483,Basic,20,0
484,Free,0,1
485,Free,0,1
486,Pro,50,0
487,Basic,20,0
488,Free,0,1
489,Pro,50,0
490,Free,0,0
491,Enterprise,120,1
492,Free,0,0
493,Free,0,0
494,Free,0,1
495,Free,0,1
496,Free,0,0
497,Basic,20,0
498,Pro,50,1
499,Pro,50,0
500,Free,0,1
501,Basic,20,0
502,Free,0,1
503,Free,0,0
504,Basic,20,0
505,Basic,20,1
506,Free,0,1
507,Free,0,1
508,Enterprise,120,0
509,Free,0,1
510,Basic,20,1
511,Basic,20,0
512,Free,0,1
513,Free,0,1
514,Free,0,0
515,Pro,50,0
516,Basic,20,0
517,Basic,20,1
518,Enterprise,120,0
519,Pro,50,0
520,Basic,20,0
521,Basic,20,0
522,Basic,20,0
523,Basic,20,0
524,Basic,20,0
525,Basic,20,0
526,Free,0,0
527,Basic,20,0
528,Free,0,1
529,Free,0,0
530,Free,0,0
531,Basic,20,1
532,Basic,20,0
533,Free,0,0
534,Basic,20,0
535,Basic,20,1
536,Free,0,1
537,Basic,20,0
538,Pro,50,0
539,Pro,50,0
540,Basic,20,0
541,Basic,20,1
542,Free,0,0
543,Free,0,1
544,Free,0,0
545,Enterprise,120,0
546,Free,0,0
547,Free,0,1
548,Pro,50,0
549,Enterprise,120,0
550,Pro,50,0
551,Free,0,0
552,Free,0,0
553,Free,0,1
554,Free,0,1
555,Free,0,0
556,Basic,20,0
557,Enterprise,120,0
558,Free,0,0
559,Basic,20,0
560,Basic,20,0
561,Free,0,0
562,Basic,20,0
563,Free,0,0
564,Free,0,0
565,Pro,50,1
566,Free,0,1
567,Enterprise,120,1
568,Free,0,1
569,Basic,20,0
570,Basic,20,0
571,Free,0,1
572,Free,0,1
573,Basic,20,0
574,Pro,50,0
575,Pro,50,0
576,Basic,20,0
577,Pro,50,0
578,Basic,20,1
579,Pro,50,1
580,Basic,20,1
581,Basic,20,0
582,Pro,50,0
583,Free,0,0
584,Pro,50,0
585,Basic,20,0
586,Free,0,1
587,Free,0,0
588,Free,0,0
589,Basic,20,1
590,Pro,50,1
591,Free,0,0
592,Pro,50,0
593,Pro,50,0
594,Free,0,0
595,Pro,50,0
596,Enterprise,120,0
597,Pro,50,0
598,Pro,50,0
599,Enterprise,120,0
600,Basic,20,0
601,Free,0,0
602,Pro,50,0
603,Basic,20,0
604,Basic,20,0
605,Free,0,0
606,Pro,50,0
607,Free,0,1
608,Enterprise,120,0
609,Free,0,0
610,Free,0,1
611,Basic,20,0
612,Free,0,0
613,Basic,20,0
614,Enterprise,120,0
615,Pro,50,0
616,Free,0,0
617,Free,0,1
618,Pro,50,0
619,Enterprise,120,1
620,Basic,20,1
621,Basic,20,0
622,Free,0,1
623,Pro,50,0
624,Basic,20,1
625,Free,0,0
626,Free,0,0
627,Pro,50,1
628,Free,0,0
629,Free,0,0
630,Basic,20,0
631,Free,0,1
632,Free,0,0
633,Pro,50,0
634,Pro,50,0
635,Pro,50,0
636,Pro,50,0
637,Basic,20,1
638,Pro,50,0
639,Free,0,1
640,Basic,20,1
641,Enterprise,120,0
642,Free,0,1
643,Free,0,1
644,Basic,20,0
645,Free,0,1
646,Free,0,1
647,Pro,50,0
648,Enterprise,120,1
649,Basic,20,0
650,Free,0,0
651,Free,0,0
652,Pro,50,0
653,Basic,20,0
654,Free,0,0
655,Basic,20,1
656,Free,0,1
657,Basic,20,1
658,Pro,50,1
659,Basic,20,1
660,Basic,20,0
661,Free,0,1
662,Pro,50,0
663,Basic,20,1
664,Free,0,1
665,Basic,20,0
666,Free,0,0
667,Pro,50,0
668,Basic,20,0
669,Enterprise,120,0
670,Free,0,1
671,Pro,50,0
672,Basic,20,0
673,Pro,50,0
674,Free,0,1
675,Basic,20,0
676,Pro,50,0
677,Free,0,0
678,Free,0,1
679,Basic,20,0
680,Basic,20,0
681,Free,0,1
682,Free,0,1
683,Free,0,0
684,Pro,50,0
685,Basic,20,0
686,Pro,50,0
687,Enterprise,120,0
688,Basic,20,0
689,Free,0,1
690,Free,0,0
691,Free,0,1
692,Enterprise,120,0
693,Basic,20,0
694,Free,0,1
695,Free,0,0
696,Basic,20,0
697,Basic,20,0
698,Free,0,1
699,Enterprise,120,0
700,Basic,20,0
701,Free,0,1
702,Pro,50,0
703,Free,0,1
704,Enterprise,120,0
705,Enterprise,120,0
706,Pro,50,1
707,Pro,50,1
708,Free,0,0
709,Enterprise,120,0
710,Basic,20,1
711,Pro,50,0
712,Enterprise,120,0
713,Enterprise,120,0
714,Pro,50,0
715,Free,0,1
716,Enterprise,120,0
717,Basic,20,1
718,Enterprise,120,0
719,Basic,20,0
720,Free,0,1
721,Free,0,1
722,Basic,20,0
723,Pro,50,1
724,Free,0,1
725,Basic,20,0
726,Free,0,0
727,Pro,50,0
728,Basic,20,0
729,Free,0,0
730,Free,0,1
731,Free,0,0
732,Basic,20,0
733,Free,0,1
734,Free,0,0
735,Enterprise,120,0
736,Pro,50,0
737,Basic,20,0
738,Enterprise,120,0
739,Free,0,1
740,Basic,20,1
741,Basic,20,0
742,Basic,20,0
743,Free,0,1
744,Basic,20,0
745,Basic,20,0
746,Pro,50,0
747,Free,0,0
748,Free,0,0
749,Free,0,1
750,Free,0,1
751,Basic,20,0
752,Free,0,0
753,Pro,50,0
754,Free,0,1
755,Free,0,0
756,Basic,20,0
757,Free,0,1
758,Basic,20,0
759,Basic,20,0
760,Free,0,0
761,Free,0,0
762,Free,0,0
763,Free,0,0
764,Free,0,1
765,Free,0,0
766,Free,0,0
767,Basic,20,0
768,Basic,20,0
769,Basic,20,0
770,Free,0,1
771,Free,0,0
772,Pro,50,0
773,Basic,20,1
774,Pro,50,0
775,Free,0,1
776,Basic,20,1
777,Basic,20,0
778,Free,0,1
779,Basic,20,0
780,Basic,20,1
781,Free,0,1
782,Free,0,0
783,Pro,50,0
784,Enterprise,120,0
785,Free,0,1
786,Free,0,1
787,Free,0,1
788,Basic,20,0
789,Free,0,1
790,Enterprise,120,0
791,Free,0,0
792,Free,0,1
793,Basic,20,0
794,Pro,50,0
795,Basic,20,0
796,Basic,20,1
797,Enterprise,120,0
798,Free,0,1
799,Pro,50,0
800,Free,0,1
801,Pro,50,1
802,Basic,20,0
803,Free,0,0
804,Pro,50,1
805,Free,0,0
806,Free,0,1
807,Basic,20,0
808,Free,0,0
809,Basic,20,0
810,Free,0,1
811,Free,0,1
812,Free,0,0
813,Free,0,1
814,Basic,20,0
815,Pro,50,0
816,Enterprise,120,0
817,Pro,50,0
818,Free,0,0
819,Basic,20,0
820,Free,0,1
821,Free,0,1
822,Basic,20,0
823,Free,0,0
824,Free,0,1
825,Enterprise,120,0
826,Basic,20,0
827,Basic,20,0
828,Free,0,1
829,Free,0,0
830,Pro,50,0
831,Free,0,0
832,Basic,20,0
833,Free,0,1
834,Basic,20,1
835,Free,0,0
836,Pro,50,1
837,Pro,50,1
838,Pro,50,0
839,Free,0,0
840,Pro,50,1
841,Basic,20,1
842,Free,0,0
843,Basic,20,0
844,Free,0,1
845,Free,0,0
846,Pro,50,0
847,Free,0,0
848,Basic,20,0
849,Free,0,1
850,Pro,50,0
851,Enterprise,120,0
852,Pro,50,0
853,Free,0,0
854,Free,0,0
855,Basic,20,1
856,Free,0,1
857,Free,0,1
858,Basic,20,0
859,Basic,20,0
860,Enterprise,120,0
861,Free,0,1
862,Free,0,0
863,Free,0,0
864,Enterprise,120,0
865,Pro,50,0
866,Pro,50,1
867,Enterprise,120,0
868,Basic,20,0
869,Basic,20,1
870,Free,0,0
871,Basic,20,1
872,Basic,20,0
873,Basic,20,0
874,Enterprise,120,0
875,Enterprise,120,0
876,Pro,50,0
877,Pro,50,1
878,Basic,20,0
879,Free,0,1
880,Free,0,1
881,Basic,20,1
882,Pro,50,1
883,Free,0,1
884,Enterprise,120,1
885,Free,0,1
886,Free,0,1
887,Basic,20,0
888,Free,0,1
889,Free,0,1
890,Free,0,1
891,Pro,50,0
892,Basic,20,0
893,Basic,20,0
894,Basic,20,1
895,Free,0,0
896,Enterprise,120,1
897,Free,0,1
898,Enterprise,120,0
899,Basic,20,0
900,Enterprise,120,0
901,Free,0,1
902,Basic,20,0
903,Free,0,0
904,Free,0,1
905,Basic,20,1
906,Free,0,1
907,Basic,20,0
908,Free,0,1
909,Free,0,0
910,Pro,50,0
911,Basic,20,1
912,Basic,20,0
913,Basic,20,0
914,Pro,50,1
915,Free,0,1
916,Basic,20,0
917,Enterprise,120,0
918,Pro,50,0
919,Basic,20,1
920,Basic,20,0
921,Pro,50,1
922,Basic,20,0
923,Free,0,1
924,Free,0,1
925,Pro,50,1
926,Free,0,0
927,Pro,50,0
928,Free,0,1
929,Basic,20,0
930,Free,0,1
931,Free,0,1
932,Enterprise,120,0
933,Pro,50,0
934,Basic,20,0
935,Basic,20,0
936,Basic,20,1
937,Basic,20,0
938,Basic,20,0
939,Free,0,1
940,Basic,20,0
941,Pro,50,0
942,Enterprise,120,0
943,Free,0,0
944,Pro,50,0
945,Basic,20,0
946,Basic,20,0
947,Free,0,0
948,Basic,20,1
949,Free,0,1
950,Free,0,1
951,Pro,50,0
952,Pro,50,0
953,Basic,20,0
954,Enterprise,120,1
955,Free,0,1
956,Free,0,0
957,Basic,20,0
958,Free,0,1
959,Free,0,1
960,Free,0,0
961,Free,0,1
962,Pro,50,1
963,Free,0,1
964,Basic,20,0
965,Free,0,1
966,Basic,20,0
967,Free,0,1
968,Pro,50,0
969,Basic,20,1
970,Free,0,0
971,Basic,20,0
972,Free,0,1
973,Basic,20,1
974,Free,0,1
975,Enterprise,120,0
976,Free,0,0
977,Basic,20,1
978,Free,0,0
979,Free,0,0
980,Basic,20,0
981,Enterprise,120,0
982,Free,0,1
983,Free,0,1
984,Free,0,1
985,Free,0,1
986,Free,0,1
987,Basic,20,0
988,Free,0,1
989,Free,0,1
990,Pro,50,0
991,Free,0,1
992,Free,0,1
993,Free,0,0
994,Basic,20,1
995,Free,0,1
996,Basic,20,1
997,Free,0,1
998,Basic,20,0
999,Free,0,0
1000,Basic,20,1
1001,Pro,50,0
1002,Basic,20,0
1003,Free,0,0
1004,Free,0,1
1005,Free,0,1
1006,Free,0,0
1007,Free,0,0
1008,Pro,50,1
1009,Free,0,1
1010,Basic,20,1
1011,Basic,20,1
1012,Basic,20,0
1013,Free,0,0
1014,Pro,50,0
1015,Free,0,1
1016,Pro,50,1
1017,Pro,50,0
1018,Pro,50,0
1019,Basic,20,0
1020,Free,0,1
1021,Free,0,1
1022,Basic,20,0
1023,Free,0,1
1024,Pro,50,0
1025,Free,0,0
1026,Free,0,1
1027,Free,0,0
1028,Free,0,1
1029,Basic,20,0
1030,Pro,50,0
1031,Basic,20,1
1032,Pro,50,0
1033,Pro,50,0
1034,Pro,50,0
1035,Free,0,0
1036,Pro,50,0
1037,Free,0,0
1038,Free,0,1
1039,Basic,20,1
1040,Free,0,0
1041,Free,0,0
1042,Free,0,1
1043,Free,0,1
1044,Enterprise,120,0
1045,Free,0,1
1046,Free,0,1
1047,Basic,20,0
1048,Free,0,1
1049,Enterprise,120,0
1050,Free,0,0
1051,Basic,20,0
1052,Basic,20,0
1053,Enterprise,120,0
1054,Basic,20,1
1055,Pro,50,1
1056,Free,0,0
1057,Free,0,1
1058,Free,0,1
1059,Pro,50,1
1060,Free,0,1
1061,Free,0,1
1062,Free,0,1
1063,Free,0,1
1064,Free,0,1
1065,Enterprise,120,0
1066,Basic,20,0
1067,Basic,20,0
1068,Pro,50,0
1069,Free,0,0
1070,Free,0,0
1071,Free,0,1
1072,Free,0,0
1073,Basic,20,1
1074,Free,0,1
1075,Free,0,1
1076,Basic,20,0
1077,Enterprise,120,0
1078,Pro,50,0
1079,Pro,50,0
1080,Pro,50,0
1081,Free,0,1
1082,Pro,50,0
1083,Free,0,1
1084,Basic,20,1
1085,Basic,20,1
1086,Free,0,0
1087,Pro,50,0
1088,Enterprise,120,0
1089,Free,0,1
1090,Pro,50,0
1091,Free,0,0
1092,Basic,20,0
1093,Basic,20,1
1094,Basic,20,1
1095,Enterprise,120,0
1096,Pro,50,0
1097,Pro,50,0
1098,Free,0,1
1099,Enterprise,120,0
1100,Free,0,1
1101,Pro,50,0
1102,Free,0,0
1103,Free,0,1
1104,Basic,20,1
1105,Free,0,0
1106,Free,0,0
1107,Free,0,0
1108,Free,0,0
1109,Free,0,1
1110,Free,0,0
1111,Basic,20,1
1112,Free,0,0
1113,Basic,20,0
1114,Free,0,0
1115,Enterprise,120,0
1116,Pro,50,0
1117,Free,0,1
1118,Pro,50,0
1119,Pro,50,1
1120,Enterprise,120,0
1121,Basic,20,1
1122,Free,0,1
1123,Basic,20,0
1124,Basic,20,0
1125,Basic,20,0
1126,Free,0,1
1127,Pro,50,0
1128,Enterprise,120,0
1129,Free,0,1
1130,Free,0,0
1131,Free,0,0
1132,Pro,50,0
1133,Basic,20,0
1134,Basic,20,0
1135,Basic,20,0
1136,Basic,20,1
1137,Free,0,1
1138,Basic,20,0
1139,Pro,50,0
1140,Enterprise,120,0
1141,Enterprise,120,0
1142,Enterprise,120,1
1143,Basic,20,0
1144,Basic,20,0
1145,Pro,50,0
1146,Enterprise,120,0
1147,Free,0,1
1148,Free,0,0
1149,Free,0,0
1150,Basic,20,0
1151,Free,0,1
1152,Free,0,1
1153,Free,0,1
1154,Free,0,1
1155,Pro,50,0
1156,Free,0,1
1157,Basic,20,0
1158,Basic,20,1
1159,Pro,50,0
1160,Free,0,1
1161,Enterprise,120,0
1162,Basic,20,0
1163,Enterprise,120,0
1164,Enterprise,120,0
1165,Free,0,1
1166,Free,0,1
1167,Free,0,1
1168,Basic,20,0
1169,Free,0,1
1170,Free,0,0
1171,Basic,20,1
1172,Free,0,0
1173,Free,0,1
1174,Basic,20,1
1175,Free,0,1
1176,Free,0,1
1177,Basic,20,1
1178,Basic,20,0
1179,Pro,50,0
1180,Basic,20,0
1181,Basic,20,0
1182,Basic,20,0
1183,Pro,50,0
1184,Pro,50,0
1185,Pro,50,0
1186,Basic,20,1
1187,Free,0,1
1188,Free,0,0
1189,Free,0,1
1190,Enterprise,120,0
1191,Basic,20,0
1192,Pro,50,1
1193,Free,0,0
1194,Pro,50,1
1195,Free,0,0
1196,Free,0,0
1197,Free,0,1
1198,Basic,20,0
1199,Basic,20,0
1200,Pro,50,0
1201,Free,0,1
1202,Basic,20,0
1203,Basic,20,0
1204,Free,0,1
1205,Pro,50,1
1206,Pro,50,0
1207,Pro,50,0
1208,Pro,50,0
1209,Pro,50,0
1210,Free,0,0
1211,Pro,50,0
1212,Free,0,0
1213,Free,0,1
1214,Free,0,0
1215,Pro,50,0
1216,Pro,50,0
1217,Free,0,1
1218,Pro,50,0
1219,Enterprise,120,0
1220,Free,0,0
1221,Free,0,0
1222,Pro,50,0
1223,Free,0,0
1224,Basic,20,0
1225,Free,0,0
1226,Basic,20,0
1227,Pro,50,0
1228,Basic,20,0
1229,Pro,50,0
1230,Pro,50,0
1231,Pro,50,0
1232,Basic,20,1
1233,Free,0,1
1234,Basic,20,1
1235,Free,0,0
1236,Pro,50,0
1237,Free,0,1
1238,Basic,20,0
1239,Free,0,0
1240,Pro,50,0
1241,Pro,50,0
1242,Free,0,0
1243,Pro,50,1
1244,Free,0,0
1245,Basic,20,1
1246,Pro,50,0
1247,Free,0,0
1248,Enterprise,120,0
1249,Free,0,1
1250,Free,0,0
1251,Enterprise,120,0
1252,Free,0,1
1253,Enterprise,120,0
1254,Enterprise,120,1
1255,Free,0,1
1256,Basic,20,1
1257,Free,0,0
1258,Basic,20,1
1259,Free,0,1
1260,Free,0,1
1261,Free,0,1
1262,Basic,20,0
1263,Enterprise,120,0
1264,Pro,50,1
1265,Pro,50,1
1266,Basic,20,1
1267,Pro,50,0
1268,Free,0,1
1269,Pro,50,1
1270,Enterprise,120,0
1271,Free,0,0
1272,Basic,20,0
1273,Pro,50,0
1274,Enterprise,120,0
1275,Pro,50,1
1276,Free,0,1
1277,Free,0,0
1278,Free,0,0
1279,Pro,50,0
1280,Free,0,1
1281,Pro,50,0
1282,Free,0,1
1283,Free,0,1
1284,Basic,20,0
1285,Pro,50,1
1286,Free,0,1
1287,Basic,20,0
1288,Basic,20,1
1289,Free,0,1
1290,Free,0,1
1291,Pro,50,0
1292,Basic,20,0
1293,Free,0,1
1294,Pro,50,0
1295,Enterprise,120,0
1296,Basic,20,0
1297,Basic,20,0
1298,Pro,50,0
1299,Enterprise,120,0
1300,Pro,50,0
1301,Basic,20,0
1302,Basic,20,0
1303,Pro,50,0
1304,Free,0,1
1305,Basic,20,0
1306,Pro,50,1
1307,Basic,20,1
1308,Basic,20,0
1309,Basic,20,0
1310,Free,0,0
1311,Basic,20,1
1312,Pro,50,1
1313,Free,0,0
1314,Free,0,1
1315,Enterprise,120,0
1316,Free,0,0
1317,Free,0,0
1318,Enterprise,120,0
1319,Pro,50,0
1320,Basic,20,0
1321,Pro,50,0
1322,Free,0,0
1323,Pro,50,1
1324,Basic,20,0
1325,Pro,50,1
1326,Basic,20,1
1327,Basic,20,0
1328,Basic,20,0
1329,Basic,20,0
1330,Pro,50,0
1331,Basic,20,0
1332,Basic,20,0
1333,Basic,20,0
1334,Basic,20,0
1335,Pro,50,1
1336,Pro,50,0
1337,Basic,20,0
1338,Enterprise,120,0
1339,Pro,50,0
1340,Basic,20,0
1341,Basic,20,0
1342,Enterprise,120,0
1343,Basic,20,0
1344,Pro,50,1
1345,Basic,20,1
1346,Basic,20,0
1347,Free,0,1
1348,Basic,20,0
1349,Enterprise,120,0
1350,Basic,20,1
1351,Basic,20,1
1352,Enterprise,120,0
1353,Basic,20,0
1354,Basic,20,0
1355,Pro,50,0
1356,Pro,50,0
1357,Free,0,0
1358,Basic,20,0
1359,Basic,20,0
1360,Free,0,1
1361,Basic,20,0
1362,Basic,20,0
1363,Free,0,1
1364,Basic,20,1
1365,Free,0,1
1366,Basic,20,1
1367,Pro,50,0
1368,Pro,50,0
1369,Free,0,0
1370,Free,0,0
1371,Free,0,0
1372,Basic,20,0
1373,Free,0,1
1374,Basic,20,1
1375,Free,0,0
1376,Pro,50,0
1377,Free,0,1
1378,Free,0,1
1379,Pro,50,0
1380,Free,0,0
1381,Free,0,1
1382,Basic,20,0
1383,Basic,20,0
1384,Pro,50,0
1385,Free,0,1
1386,Basic,20,0
1387,Free,0,1
1388,Free,0,1
1389,Pro,50,0
1390,Pro,50,0
1391,Free,0,1
1392,Basic,20,1
1393,Free,0,0
1394,Pro,50,0
1395,Free,0,0
1396,Free,0,1
1397,Basic,20,0
1398,Basic,20,1
1399,Basic,20,0
1400,Free,0,0
1401,Free,0,1
1402,Basic,20,0
1403,Free,0,0
1404,Pro,50,0
1405,Free,0,0
1406,Basic,20,0
1407,Basic,20,0
1408,Free,0,0
1409,Basic,20,0
1410,Pro,50,0
1411,Free,0,1
1412,Enterprise,120,0
1413,Basic,20,0
1414,Free,0,1
1415,Basic,20,0
1416,Free,0,0
1417,Pro,50,1
1418,Pro,50,1
1419,Pro,50,0
1420,Enterprise,120,1
1421,Pro,50,1
1422,Basic,20,0
1423,Free,0,1
1424,Basic,20,0
1425,Free,0,1
1426,Pro,50,0
1427,Basic,20,0
1428,Free,0,1
1429,Free,0,1
1430,Free,0,0
1431,Basic,20,0
1432,Basic,20,0
1433,Basic,20,0
1434,Basic,20,0
1435,Basic,20,0
1436,Free,0,0
1437,Free,0,0
1438,Basic,20,0
1439,Basic,20,0
1440,Free,0,1
1441,Free,0,1
1442,Free,0,0
1443,Basic,20,0
1444,Free,0,1
1445,Basic,20,0
1446,Pro,50,0
1447,Free,0,1
1448,Enterprise,120,0
1449,Basic,20,0
1450,Basic,20,0
1451,Basic,20,0
1452,Basic,20,0
1453,Basic,20,0
1454,Basic,20,0
1455,Free,0,0
1456,Free,0,1
1457,Free,0,1
1458,Free,0,0
1459,Free,0,1
1460,Free,0,0
1461,Pro,50,0
1462,Pro,50,0
1463,Enterprise,120,0
1464,Basic,20,0
1465,Pro,50,0
1466,Pro,50,1
1467,Basic,20,0
1468,Free,0,0
1469,Enterprise,120,0
1470,Basic,20,0
1471,Basic,20,0
1472,Free,0,1
1473,Free,0,0
1474,Pro,50,0
1475,Basic,20,1
1476,Free,0,0
1477,Free,0,0
1478,Basic,20,1
1479,Basic,20,0
1480,Free,0,0
1481,Pro,50,0
1482,Free,0,1
1483,Free,0,0
1484,Basic,20,0
1485,Free,0,1
1486,Pro,50,0
1487,Pro,50,0
1488,Pro,50,0
1489,Free,0,1
1490,Free,0,1
1491,Free,0,0
1492,Basic,20,0
1493,Pro,50,0
1494,Pro,50,0
1495,Pro,50,0
1496,Enterprise,120,0
1497,Pro,50,0
1498,Free,0,0
1499,Free,0,1
1500,Basic,20,1
1501,Free,0,1
1502,Free,0,0
1503,Basic,20,1
1504,Pro,50,0
1505,Free,0,1
1506,Pro,50,0
1507,Pro,50,0
1508,Basic,20,0
1509,Free,0,0
1510,Free,0,0
1511,Pro,50,0
1512,Pro,50,0
1513,Pro,50,0
1514,Basic,20,0
1515,Free,0,0
1516,Free,0,1
1517,Pro,50,0
1518,Free,0,1
1519,Free,0,1
1520,Basic,20,0
1521,Free,0,1
1522,Free,0,1
1523,Basic,20,0
1524,Free,0,1
1525,Free,0,0
1526,Pro,50,0
1527,Pro,50,0
1528,Free,0,0
1529,Pro,50,0
1530,Free,0,1
1531,Basic,20,1
1532,Pro,50,0
1533,Pro,50,1
1534,Pro,50,0
1535,Free,0,0
1536,Free,0,1
1537,Pro,50,0
1538,Free,0,1
1539,Free,0,0
1540,Pro,50,0
1541,Pro,50,0
1542,Pro,50,0
1543,Free,0,0
1544,Pro,50,0
1545,Free,0,0
1546,Free,0,0
1547,Basic,20,0
1548,Free,0,1
1549,Free,0,1
1550,Basic,20,0
1551,Free,0,1
1552,Free,0,1
1553,Free,0,0
1554,Basic,20,0
1555,Basic,20,1
1556,Pro,50,0
1557,Pro,50,1
1558,Basic,20,0
1559,Pro,50,0
1560,Free,0,0
1561,Free,0,1
1562,Pro,50,1
1563,Free,0,0
1564,Enterprise,120,1
1565,Basic,20,1
1566,Pro,50,0
1567,Basic,20,0
1568,Basic,20,0
1569,Free,0,1
1570,Pro,50,0
1571,Basic,20,0
1572,Enterprise,120,0
1573,Free,0,1
1574,Free,0,1
1575,Free,0,1
1576,Basic,20,0
1577,Pro,50,0
1578,Free,0,1
1579,Basic,20,0
1580,Free,0,1
1581,Basic,20,0
1582,Pro,50,0
1583,Free,0,1
1584,Basic,20,0
1585,Enterprise,120,0
1586,Pro,50,0
1587,Basic,20,0
1588,Basic,20,1
1589,Free,0,1
1590,Basic,20,0
1591,Pro,50,0
1592,Basic,20,0
1593,Free,0,0
1594,Free,0,0
1595,Free,0,0
1596,Free,0,1
1597,Free,0,0
1598,Basic,20,0
1599,Free,0,0
1600,Free,0,1
1601,Basic,20,0
1602,Free,0,1
1603,Free,0,0
1604,Free,0,1
1605,Free,0,0
1606,Basic,20,0
1607,Free,0,1
1608,Pro,50,1
1609,Enterprise,120,0
1610,Pro,50,1
1611,Basic,20,0
1612,Pro,50,0
1613,Basic,20,0
1614,Free,0,0
1615,Free,0,1
1616,Pro,50,0
1617,Free,0,1
1618,Free,0,0
1619,Pro,50,0
1620,Pro,50,0
1621,Free,0,1
1622,Basic,20,0
1623,Free,0,0
1624,Pro,50,0
1625,Free,0,0
1626,Free,0,1
1627,Pro,50,1
1628,Basic,20,0
1629,Basic,20,0
1630,Basic,20,0
1631,Free,0,1
1632,Basic,20,1
1633,Free,0,1
1634,Free,0,1
1635,Free,0,1
1636,Basic,20,0
1637,Enterprise,120,0
1638,Enterprise,120,0
1639,Basic,20,0
1640,Free,0,1
1641,Basic,20,1
1642,Pro,50,0
1643,Free,0,1
1644,Enterprise,120,0
1645,Free,0,0
1646,Enterprise,120,0
1647,Pro,50,1
1648,Pro,50,0
1649,Free,0,1
1650,Free,0,1
1651,Free,0,0
1652,Free,0,1
1653,Free,0,0
1654,Basic,20,0
1655,Basic,20,0
1656,Basic,20,0
1657,Basic,20,0
1658,Free,0,1
1659,Enterprise,120,0
1660,Free,0,0
1661,Basic,20,0
1662,Basic,20,1
1663,Pro,50,1
1664,Free,0,1
1665,Basic,20,0
1666,Basic,20,1
1667,Free,0,1
1668,Basic,20,0
1669,Enterprise,120,0
1670,Enterprise,120,1
1671,Free,0,1
1672,Free,0,0
1673,Free,0,0
1674,Free,0,0
1675,Free,0,1
1676,Free,0,0
1677,Enterprise,120,0
1678,Enterprise,120,0
1679,Free,0,0
1680,Free,0,1
1681,Basic,20,0
1682,Free,0,0
1683,Basic,20,0
1684,Basic,20,0
1685,Pro,50,0
1686,Pro,50,0
1687,Basic,20,0
1688,Basic,20,0
1689,Free,0,0
1690,Basic,20,0
1691,Basic,20,0
1692,Free,0,0
1693,Free,0,1
1694,Free,0,1
1695,Enterprise,120,0
1696,Free,0,1
1697,Free,0,1
1698,Free,0,1
1699,Basic,20,0
1700,Free,0,0
1701,Enterprise,120,0
1702,Pro,50,0
1703,Basic,20,0
1704,Basic,20,0
1705,Free,0,1
1706,Free,0,1
1707,Pro,50,0
1708,Free,0,1
1709,Free,0,0
1710,Basic,20,0
1711,Free,0,0
1712,Enterprise,120,1
1713,Free,0,1
1714,Pro,50,0
1715,Basic,20,1
1716,Pro,50,0
1717,Free,0,1
1718,Basic,20,0
1719,Pro,50,0
1720,Basic,20,0
1721,Free,0,1
1722,Basic,20,1
1723,Pro,50,0
1724,Basic,20,1
1725,Enterprise,120,0
1726,Free,0,0
1727,Basic,20,0
1728,Pro,50,0
1729,Basic,20,0
1730,Pro,50,0
1731,Enterprise,120,0
1732,Basic,20,1
1733,Free,0,0
1734,Free,0,1
1735,Pro,50,0
1736,Pro,50,0
1737,Free,0,1
1738,Free,0,1
1739,Free,0,0
1740,Pro,50,0
1741,Free,0,1
1742,Basic,20,0
1743,Basic,20,0
1744,Pro,50,1
1745,Basic,20,0
1746,Basic,20,0
1747,Free,0,0
1748,Basic,20,0
1749,Pro,50,0
1750,Enterprise,120,0
1751,Free,0,1
1752,Free,0,1
1753,Free,0,1
1754,Free,0,0
1755,Pro,50,0
1756,Free,0,1
1757,Basic,20,0
1758,Free,0,1
1759,Free,0,0
1760,Basic,20,0
1761,Free,0,0
1762,Free,0,0
1763,Pro,50,1
1764,Basic,20,0
1765,Free,0,0
1766,Enterprise,120,1
1767,Basic,20,0
1768,Pro,50,0
1769,Free,0,1
1770,Free,0,1
1771,Free,0,0
1772,Free,0,0
1773,Basic,20,0
1774,Enterprise,120,0
1775,Basic,20,1
1776,Free,0,0
1777,Basic,20,0
1778,Free,0,1
1779,Basic,20,0
1780,Basic,20,1
1781,Pro,50,0
1782,Enterprise,120,1
1783,Free,0,1
1784,Basic,20,1
1785,Enterprise,120,0
1786,Pro,50,0
1787,Basic,20,1
1788,Enterprise,120,0
1789,Free,0,1
1790,Enterprise,120,0
1791,Free,0,0
1792,Basic,20,0
1793,Pro,50,0
1794,Free,0,1
1795,Basic,20,0
1796,Free,0,1
1797,Enterprise,120,0
1798,Pro,50,0
1799,Pro,50,0
1800,Basic,20,0
1801,Pro,50,0
1802,Free,0,1
1803,Basic,20,0
1804,Pro,50,0
1805,Free,0,1
1806,Free,0,1
1807,Free,0,0
1808,Free,0,1
1809,Pro,50,0
1810,Basic,20,1
1811,Pro,50,1
1812,Free,0,0
1813,Free,0,0
1814,Free,0,0
1815,Pro,50,0
1816,Basic,20,0
1817,Enterprise,120,0
1818,Basic,20,0
1819,Basic,20,0
1820,Basic,20,0
1821,Enterprise,120,0
1822,Pro,50,0
1823,Free,0,1
1824,Basic,20,1
1825,Basic,20,0
1826,Pro,50,0
1827,Free,0,1
1828,Pro,50,0
1829,Enterprise,120,0
1830,Free,0,1
1831,Pro,50,0
1832,Free,0,0
1833,Free,0,0
1834,Free,0,0
1835,Free,0,1
1836,Pro,50,0
1837,Free,0,1
1838,Free,0,1
1839,Free,0,0
1840,Free,0,1
1841,Free,0,1
1842,Basic,20,0
1843,Free,0,1
1844,Pro,50,0
1845,Pro,50,0
1846,Free,0,1
1847,Pro,50,0
1848,Free,0,1
1849,Free,0,1
1850,Free,0,1
1851,Free,0,1
1852,Basic,20,0
1853,Pro,50,1
1854,Free,0,1
1855,Pro,50,0
1856,Free,0,1
1857,Pro,50,0
1858,Free,0,0
1859,Free,0,1
1860,Free,0,1
1861,Free,0,1
1862,Basic,20,0
1863,Pro,50,1
1864,Free,0,1
1865,Pro,50,0
1866,Basic,20,1
1867,Pro,50,0
1868,Free,0,0
1869,Basic,20,0
1870,Enterprise,120,0
1871,Basic,20,0
1872,Free,0,1
1873,Free,0,1
1874,Free,0,1
1875,Basic,20,0
1876,Pro,50,0
1877,Free,0,0
1878,Basic,20,0
1879,Basic,20,0
1880,Basic,20,0
1881,Basic,20,0
1882,Pro,50,0
1883,Free,0,1
1884,Pro,50,1
1885,Free,0,1
1886,Free,0,0
1887,Free,0,1
1888,Free,0,0
1889,Free,0,1
1890,Free,0,1
1891,Pro,50,1
1892,Free,0,1
1893,Pro,50,0
1894,Free,0,1
1895,Enterprise,120,0
1896,Pro,50,0
1897,Free,0,1
1898,Pro,50,0
1899,Basic,20,0
1900,Pro,50,0
1901,Basic,20,1
1902,Basic,20,0
1903,Pro,50,0
1904,Basic,20,0
1905,Free,0,1
1906,Pro,50,0
1907,Free,0,0
1908,Basic,20,0
1909,Free,0,0
1910,Basic,20,0
1911,Enterprise,120,0
1912,Free,0,0
1913,Free,0,1
1914,Basic,20,0
1915,Pro,50,1
1916,Basic,20,0
1917,Free,0,0
1918,Enterprise,120,0
1919,Basic,20,0
1920,Free,0,1
1921,Free,0,1
1922,Basic,20,1
1923,Free,0,0
1924,Free,0,0
1925,Pro,50,1
1926,Free,0,1
1927,Pro,50,0
1928,Free,0,1
1929,Pro,50,0
1930,Pro,50,0
1931,Free,0,1
1932,Basic,20,1
1933,Free,0,1
1934,Pro,50,0
1935,Pro,50,1
1936,Basic,20,0
1937,Basic,20,0
1938,Free,0,1
1939,Pro,50,1
1940,Free,0,1
1941,Free,0,0
1942,Basic,20,0
1943,Free,0,1
1944,Pro,50,1
1945,Free,0,1
1946,Basic,20,0
1947,Free,0,0
1948,Free,0,0
1949,Basic,20,0
1950,Enterprise,120,0
1951,Pro,50,0
1952,Free,0,0
1953,Free,0,1
1954,Pro,50,0
1955,Basic,20,0
1956,Free,0,0
1957,Pro,50,0
1958,Pro,50,0
1959,Enterprise,120,0
1960,Enterprise,120,1
1961,Pro,50,0
1962,Free,0,1
1963,Free,0,0
1964,Basic,20,0
1965,Basic,20,0
1966,Basic,20,1
1967,Free,0,1
1968,Basic,20,0
1969,Basic,20,0
1970,Free,0,0
1971,Free,0,1
1972,Basic,20,0
1973,Pro,50,0
1974,Free,0,1
1975,Basic,20,0
1976,Pro,50,0
1977,Basic,20,1
1978,Free,0,1
1979,Basic,20,0
1980,Free,0,1
1981,Enterprise,120,0
1982,Free,0,0
1983,Basic,20,0
1984,Free,0,0
1985,Basic,20,1
1986,Basic,20,1
1987,Free,0,0
1988,Basic,20,1
1989,Free,0,0
1990,Free,0,0
1991,Basic,20,0
1992,Free,0,1
1993,Pro,50,0
1994,Basic,20,0
1995,Basic,20,1
1996,Free,0,0
1997,Basic,20,0
1998,Pro,50,0
1999,Free,0,1
2000,Pro,50,1
2001,Free,0,0
2002,Pro,50,0
2003,Free,0,1
2004,Pro,50,0
2005,Basic,20,0
2006,Free,0,1
2007,Free,0,1
2008,Basic,20,0
2009,Enterprise,120,0
2010,Free,0,1
2011,Free,0,0
2012,Basic,20,0
2013,Basic,20,1
2014,Basic,20,0
2015,Basic,20,0
2016,Free,0,0
2017,Enterprise,120,0
2018,Basic,20,1
2019,Free,0,1
2020,Pro,50,0
2021,Basic,20,0
2022,Free,0,0
2023,Basic,20,0
2024,Free,0,1
2025,Basic,20,1
2026,Pro,50,0
2027,Free,0,1
2028,Free,0,1
2029,Pro,50,1
2030,Enterprise,120,0
2031,Basic,20,1
2032,Basic,20,0
2033,Basic,20,0
2034,Enterprise,120,1
2035,Pro,50,0
2036,Free,0,1
2037,Basic,20,1
2038,Basic,20,1
2039,Pro,50,0
2040,Basic,20,0
2041,Basic,20,0
2042,Enterprise,120,0
2043,Free,0,1
2044,Free,0,1
2045,Basic,20,0
2046,Free,0,1
2047,Free,0,1
2048,Free,0,1
2049,Basic,20,1
2050,Pro,50,0
2051,Basic,20,1
2052,Basic,20,0
2053,Free,0,0
2054,Pro,50,0
2055,Pro,50,0
2056,Basic,20,1
2057,Free,0,1
2058,Free,0,0
2059,Free,0,1
2060,Basic,20,0
2061,Pro,50,0
2062,Pro,50,1
2063,Basic,20,0
2064,Pro,50,0
2065,Enterprise,120,0
2066,Free,0,1
2067,Free,0,1
2068,Enterprise,120,0
2069,Free,0,0
2070,Enterprise,120,0
2071,Enterprise,120,1
2072,Basic,20,0
2073,Pro,50,1
2074,Pro,50,0
2075,Basic,20,1
2076,Free,0,1
2077,Free,0,1
2078,Free,0,0
2079,Basic,20,0
2080,Free,0,1
2081,Free,0,0
2082,Free,0,1
2083,Pro,50,0
2084,Enterprise,120,1
2085,Enterprise,120,0
2086,Basic,20,0
2087,Pro,50,0
2088,Pro,50,0
2089,Basic,20,0
2090,Basic,20,0
2091,Free,0,0
2092,Enterprise,120,0
2093,Free,0,1
2094,Basic,20,0
2095,Basic,20,0
2096,Free,0,1
2097,Free,0,1
2098,Basic,20,1
2099,Free,0,1
2100,Pro,50,1
2101,Basic,20,0
2102,Basic,20,0
2103,Basic,20,0
2104,Basic,20,1
2105,Basic,20,0
2106,Basic,20,0
2107,Pro,50,0
2108,Pro,50,0
2109,Pro,50,0
2110,Free,0,0
2111,Basic,20,0
2112,Enterprise,120,0
2113,Free,0,0
2114,Free,0,0
2115,Basic,20,0
2116,Free,0,1
2117,Free,0,1
2118,Enterprise,120,0
2119,Basic,20,1
2120,Free,0,1
2121,Enterprise,120,0
2122,Enterprise,120,0
2123,Basic,20,0
2124,Free,0,1
2125,Pro,50,0
2126,Pro,50,0
2127,Basic,20,0
2128,Pro,50,0
2129,Basic,20,0
2130,Free,0,1
2131,Basic,20,0
2132,Free,0,1
2133,Pro,50,0
2134,Basic,20,1
2135,Free,0,0
2136,Basic,20,0
2137,Free,0,0
2138,Free,0,0
2139,Basic,20,0
2140,Free,0,0
2141,Pro,50,0
2142,Free,0,0
2143,Basic,20,1
2144,Pro,50,1
2145,Basic,20,0
2146,Basic,20,0
2147,Enterprise,120,0
2148,Free,0,0
2149,Free,0,1
2150,Basic,20,1
2151,Free,0,0
2152,Enterprise,120,0
2153,Free,0,0
2154,Pro,50,0
2155,Pro,50,0
2156,Free,0,1
2157,Basic,20,1
2158,Free,0,1
2159,Basic,20,1
2160,Free,0,0
2161,Enterprise,120,0
2162,Enterprise,120,0
2163,Free,0,1
2164,Free,0,0
2165,Pro,50,0
2166,Free,0,0
2167,Pro,50,1
2168,Basic,20,1
2169,Free,0,1
2170,Pro,50,0
2171,Basic,20,0
2172,Enterprise,120,1
2173,Enterprise,120,1
2174,Free,0,0
2175,Free,0,1
2176,Enterprise,120,0
2177,Enterprise,120,1
2178,Free,0,1
2179,Pro,50,0
2180,Basic,20,1
2181,Free,0,1
2182,Pro,50,0
2183,Free,0,1
2184,Enterprise,120,0
2185,Free,0,1
2186,Basic,20,0
2187,Free,0,1
2188,Basic,20,0
2189,Basic,20,1
2190,Free,0,0
2191,Basic,20,1
2192,Basic,20,0
2193,Free,0,0
2194,Pro,50,0
2195,Free,0,1
2196,Basic,20,0
2197,Basic,20,0
2198,Basic,20,1
2199,Free,0,0
2200,Basic,20,1
2201,Basic,20,0
2202,Pro,50,1
2203,Pro,50,0
2204,Basic,20,0
2205,Free,0,0
2206,Free,0,1
2207,Free,0,1
2208,Free,0,0
2209,Free,0,1
2210,Free,0,0
2211,Free,0,0
2212,Free,0,1
2213,Free,0,0
2214,Free,0,1
2215,Free,0,1
2216,Basic,20,0
2217,Basic,20,0
2218,Free,0,1
2219,Basic,20,0
2220,Free,0,1
2221,Free,0,0
2222,Free,0,1
2223,Basic,20,0
2224,Basic,20,1
2225,Free,0,1
2226,Free,0,1
2227,Pro,50,0
2228,Free,0,1
2229,Free,0,0
2230,Pro,50,0
2231,Pro,50,0
2232,Basic,20,1
2233,Basic,20,1
2234,Free,0,1
2235,Free,0,1
2236,Basic,20,1
2237,Free,0,0
2238,Basic,20,0
2239,Enterprise,120,0
2240,Enterprise,120,0
2241,Free,0,1
2242,Basic,20,0
2243,Basic,20,1
2244,Pro,50,0
2245,Free,0,1
2246,Free,0,0
2247,Free,0,1
2248,Free,0,0
2249,Free,0,1
2250,Pro,50,0
2251,Basic,20,1
2252,Free,0,0
2253,Basic,20,0
2254,Free,0,1
2255,Pro,50,0
2256,Enterprise,120,0
2257,Enterprise,120,0
2258,Pro,50,0
2259,Free,0,1
2260,Free,0,1
2261,Basic,20,0
2262,Enterprise,120,0
2263,Free,0,1
2264,Free,0,0
2265,Pro,50,0
2266,Free,0,1
2267,Basic,20,0
2268,Basic,20,0
2269,Free,0,0
2270,Free,0,0
2271,Pro,50,1
2272,Basic,20,0
2273,Enterprise,120,0
2274,Free,0,1
2275,Free,0,0
2276,Pro,50,0
2277,Basic,20,0
2278,Free,0,1
2279,Pro,50,0
2280,Free,0,1
2281,Free,0,0
2282,Free,0,1
2283,Free,0,1
2284,Basic,20,0
2285,Basic,20,0
2286,Pro,50,0
2287,Enterprise,120,0
2288,Free,0,1
2289,Free,0,1
2290,Free,0,1
2291,Free,0,0
2292,Basic,20,0
2293,Pro,50,1
2294,Pro,50,0
2295,Free,0,0
2296,Free,0,0
2297,Basic,20,1
2298,Free,0,1
2299,Basic,20,1
2300,Enterprise,120,0
2301,Free,0,0
2302,Pro,50,0
2303,Basic,20,0
2304,Free,0,1
2305,Basic,20,1
2306,Free,0,0
2307,Free,0,1
2308,Basic,20,1
2309,Pro,50,0
2310,Free,0,1
2311,Free,0,0
2312,Pro,50,1
2313,Pro,50,0
2314,Pro,50,0
2315,Free,0,0
2316,Enterprise,120,1
2317,Free,0,1
2318,Basic,20,0
2319,Free,0,1
2320,Basic,20,0
2321,Free,0,1
2322,Basic,20,1
2323,Free,0,0
2324,Free,0,0
2325,Basic,20,0
2326,Pro,50,0
2327,Enterprise,120,0
2328,Free,0,0
2329,Pro,50,1
2330,Basic,20,0
2331,Free,0,1
2332,Free,0,1
2333,Basic,20,0
2334,Enterprise,120,0
2335,Basic,20,0
2336,Basic,20,0
2337,Basic,20,0
2338,Free,0,1
2339,Pro,50,0
2340,Pro,50,0
2341,Free,0,0
2342,Pro,50,1
2343,Free,0,1
2344,Enterprise,120,0
2345,Free,0,0
2346,Free,0,1
2347,Free,0,0
2348,Basic,20,0
2349,Free,0,0
2350,Basic,20,0
2351,Basic,20,0
2352,Pro,50,0
2353,Free,0,0
2354,Basic,20,0
2355,Free,0,0
2356,Pro,50,1
2357,Free,0,1
2358,Enterprise,120,0
2359,Pro,50,0
2360,Basic,20,1
2361,Basic,20,0
2362,Free,0,0
2363,Free,0,0
2364,Pro,50,0
2365,Enterprise,120,0
2366,Free,0,1
2367,Basic,20,1
2368,Pro,50,0
2369,Basic,20,0
2370,Free,0,1
2371,Free,0,1
2372,Free,0,1
2373,Pro,50,0
2374,Basic,20,1
2375,Basic,20,0
2376,Enterprise,120,0
2377,Basic,20,0
2378,Pro,50,0
2379,Basic,20,0
2380,Free,0,1
2381,Enterprise,120,0
2382,Basic,20,1
2383,Free,0,0
2384,Free,0,0
2385,Free,0,1
2386,Basic,20,1
2387,Pro,50,0
2388,Enterprise,120,0
2389,Enterprise,120,0
2390,Free,0,1
2391,Free,0,0
2392,Free,0,1
2393,Pro,50,1
2394,Free,0,1
2395,Basic,20,0
2396,Pro,50,0
2397,Basic,20,0
2398,Free,0,0
2399,Enterprise,120,1
2400,Enterprise,120,0
2401,Free,0,1
2402,Basic,20,1
2403,Enterprise,120,0
2404,Free,0,0
2405,Basic,20,1
2406,Free,0,1
2407,Basic,20,1
2408,Free,0,1
2409,Basic,20,0
2410,Free,0,1
2411,Basic,20,0
2412,Enterprise,120,1
2413,Pro,50,0
2414,Pro,50,0
2415,Basic,20,0
2416,Free,0,1
2417,Free,0,1
2418,Enterprise,120,0
2419,Free,0,0
2420,Free,0,0
2421,Pro,50,0
2422,Free,0,0
2423,Free,0,1
2424,Enterprise,120,0
2425,Pro,50,0
2426,Basic,20,0
2427,Enterprise,120,0
2428,Basic,20,0
2429,Pro,50,1
2430,Free,0,1
2431,Free,0,0
2432,Basic,20,0
2433,Pro,50,1
2434,Basic,20,0
2435,Free,0,0
2436,Free,0,0
2437,Pro,50,0
2438,Free,0,0
2439,Basic,20,0
2440,Free,0,0
2441,Free,0,1
2442,Basic,20,1
2443,Basic,20,0
2444,Free,0,1
2445,Free,0,0
2446,Pro,50,1
2447,Free,0,1
2448,Basic,20,0
2449,Enterprise,120,0
2450,Free,0,0
2451,Enterprise,120,1
2452,Free,0,0
2453,Basic,20,0
2454,Free,0,1
2455,Enterprise,120,0
2456,Free,0,1
2457,Free,0,0
2458,Enterprise,120,0
2459,Basic,20,0
2460,Basic,20,0
2461,Free,0,0
2462,Pro,50,0
2463,Free,0,1
2464,Free,0,1
2465,Basic,20,1
2466,Free,0,0
2467,Enterprise,120,1
2468,Enterprise,120,0
2469,Pro,50,1
2470,Pro,50,0
2471,Basic,20,0
2472,Free,0,0
2473,Pro,50,0
2474,Free,0,1
2475,Free,0,0
2476,Pro,50,0
2477,Basic,20,0
2478,Pro,50,0
2479,Free,0,1
2480,Basic,20,1
2481,Free,0,1
2482,Basic,20,1
2483,Pro,50,0
2484,Basic,20,0
2485,Free,0,0
2486,Free,0,1
2487,Free,0,1
2488,Basic,20,0
2489,Enterprise,120,0
2490,Free,0,1
2491,Pro,50,0
2492,Pro,50,0
2493,Basic,20,1
2494,Basic,20,0
2495,Pro,50,1
2496,Free,0,0
2497,Free,0,1
2498,Free,0,0
2499,Enterprise,120,1
2500,Enterprise,120,0
2501,Pro,50,1
2502,Free,0,0
2503,Basic,20,0
2504,Free,0,1
2505,Free,0,0
2506,Basic,20,0
2507,Enterprise,120,0
2508,Enterprise,120,1
2509,Basic,20,0
2510,Free,0,1
2511,Free,0,1
2512,Free,0,1
2513,Pro,50,0
2514,Pro,50,0
2515,Free,0,1
2516,Basic,20,0
2517,Free,0,0
2518,Free,0,1
2519,Basic,20,1
2520,Free,0,0
2521,Basic,20,0
2522,Pro,50,0
2523,Basic,20,0
2524,Free,0,0
2525,Free,0,1
2526,Basic,20,0
2527,Free,0,0
2528,Free,0,1
2529,Basic,20,0
2530,Basic,20,1
2531,Pro,50,0
2532,Free,0,1
2533,Pro,50,0
2534,Free,0,1
2535,Free,0,1
2536,Basic,20,1
2537,Basic,20,1
2538,Enterprise,120,0
2539,Pro,50,0
2540,Enterprise,120,1
2541,Enterprise,120,0
2542,Basic,20,1
2543,Basic,20,1
2544,Basic,20,0
2545,Enterprise,120,0
2546,Pro,50,0
2547,Free,0,1
2548,Pro,50,0
2549,Free,0,0
2550,Basic,20,0
2551,Free,0,0
2552,Basic,20,1
2553,Pro,50,0
2554,Free,0,0
2555,Free,0,1
2556,Free,0,1
2557,Basic,20,1
2558,Free,0,1
2559,Free,0,1
2560,Free,0,1
2561,Basic,20,0
2562,Free,0,1
2563,Pro,50,0
2564,Free,0,1
2565,Basic,20,0
2566,Free,0,0
2567,Basic,20,0
2568,Free,0,0
2569,Pro,50,0
2570,Enterprise,120,0
2571,Enterprise,120,0
2572,Basic,20,0
2573,Basic,20,0
2574,Pro,50,1
2575,Basic,20,1
2576,Free,0,0
2577,Pro,50,1
2578,Basic,20,1
2579,Free,0,1
2580,Free,0,0
2581,Free,0,1
2582,Basic,20,0
2583,Free,0,0
2584,Free,0,1
2585,Free,0,0
2586,Basic,20,0
2587,Pro,50,0
2588,Free,0,0
2589,Free,0,0
2590,Free,0,1
2591,Enterprise,120,0
2592,Basic,20,0
2593,Basic,20,0
2594,Free,0,0
2595,Pro,50,0
2596,Basic,20,1
2597,Free,0,0
2598,Free,0,1
2599,Free,0,0
2600,Pro,50,1
2601,Pro,50,0
2602,Basic,20,0
2603,Pro,50,0
2604,Free,0,0
2605,Basic,20,0
2606,Basic,20,0
2607,Free,0,0
2608,Pro,50,0
2609,Free,0,0
2610,Free,0,0
2611,Basic,20,0
2612,Basic,20,0
2613,Basic,20,1
2614,Free,0,0
2615,Pro,50,0
2616,Basic,20,0
2617,Basic,20,1
2618,Enterprise,120,0
2619,Pro,50,0
2620,Free,0,1
2621,Pro,50,0
2622,Free,0,1
2623,Free,0,1
2624,Basic,20,1
2625,Enterprise,120,0
2626,Free,0,0
2627,Basic,20,1
2628,Free,0,0
2629,Pro,50,0
2630,Basic,20,1
2631,Basic,20,0
2632,Free,0,1
2633,Pro,50,0
2634,Enterprise,120,1
2635,Basic,20,0
2636,Basic,20,1
2637,Enterprise,120,0
2638,Free,0,0
2639,Pro,50,1
2640,Pro,50,0
2641,Free,0,1
2642,Basic,20,0
2643,Free,0,1
2644,Basic,20,1
2645,Basic,20,0
2646,Free,0,1
2647,Basic,20,0
2648,Free,0,1
2649,Free,0,1
2650,Free,0,1
2651,Pro,50,0
2652,Free,0,1
2653,Pro,50,0
2654,Basic,20,1
2655,Free,0,1
2656,Pro,50,0
2657,Basic,20,1
2658,Basic,20,0
2659,Free,0,1
2660,Free,0,1
2661,Free,0,1
2662,Free,0,1
2663,Free,0,1
2664,Free,0,0
2665,Free,0,0
2666,Free,0,0
2667,Free,0,0
2668,Free,0,1
2669,Enterprise,120,1
2670,Free,0,0
2671,Basic,20,1
2672,Free,0,1
2673,Enterprise,120,0
2674,Free,0,0
2675,Enterprise,120,0
2676,Basic,20,0
2677,Free,0,0
2678,Pro,50,0
2679,Basic,20,0
2680,Free,0,0
2681,Pro,50,1
2682,Enterprise,120,0
2683,Basic,20,1
2684,Free,0,1
2685,Pro,50,0
2686,Basic,20,0
2687,Pro,50,1
2688,Basic,20,1
2689,Free,0,1
2690,Enterprise,120,0
2691,Free,0,1
2692,Free,0,1
2693,Basic,20,1
2694,Basic,20,0
2695,Free,0,0
2696,Pro,50,0
2697,Free,0,1
2698,Basic,20,1
2699,Pro,50,0
2700,Free,0,0
2701,Free,0,1
2702,Free,0,1
2703,Enterprise,120,0
2704,Free,0,1
2705,Free,0,0
2706,Basic,20,0
2707,Basic,20,1
2708,Free,0,0
2709,Basic,20,0
2710,Free,0,1
2711,Enterprise,120,1
2712,Free,0,1
2713,Free,0,1
2714,Basic,20,0
2715,Free,0,0
2716,Basic,20,1
2717,Free,0,1
2718,Free,0,1
2719,Pro,50,0
2720,Basic,20,0
2721,Basic,20,1
2722,Free,0,1
2723,Free,0,0
2724,Free,0,1
2725,Free,0,1
2726,Basic,20,0
2727,Pro,50,0
2728,Free,0,0
2729,Free,0,1
2730,Free,0,1
2731,Free,0,0
2732,Free,0,1
2733,Enterprise,120,0
2734,Basic,20,0
2735,Enterprise,120,0
2736,Pro,50,1
2737,Basic,20,0
2738,Basic,20,0
2739,Free,0,1
2740,Basic,20,1
2741,Enterprise,120,0
2742,Free,0,1
2743,Pro,50,0
2744,Free,0,0
2745,Pro,50,0
2746,Enterprise,120,0
2747,Basic,20,0
2748,Basic,20,0
2749,Basic,20,0
2750,Pro,50,0
2751,Enterprise,120,0
2752,Pro,50,0
2753,Basic,20,1
2754,Basic,20,1
2755,Pro,50,0
2756,Basic,20,1
2757,Pro,50,1
2758,Basic,20,0
2759,Free,0,0
2760,Free,0,0
2761,Basic,20,1
2762,Free,0,1
2763,Free,0,0
2764,Basic,20,1
2765,Free,0,0
2766,Free,0,1
2767,Pro,50,0
2768,Enterprise,120,0
2769,Pro,50,0
2770,Enterprise,120,0
2771,Basic,20,1
2772,Free,0,1
2773,Basic,20,0
2774,Pro,50,0
2775,Free,0,1
2776,Free,0,1
2777,Pro,50,1
2778,Free,0,1
2779,Basic,20,0
2780,Free,0,0
2781,Basic,20,1
2782,Basic,20,1
2783,Free,0,0
2784,Free,0,0
2785,Basic,20,0
2786,Pro,50,0
2787,Pro,50,0
2788,Basic,20,1
2789,Pro,50,1
2790,Free,0,1
2791,Free,0,0
2792,Free,0,0
2793,Basic,20,0
2794,Free,0,1
2795,Free,0,0
2796,Basic,20,0
2797,Pro,50,0
2798,Free,0,1
2799,Free,0,0
2800,Basic,20,1
2801,Basic,20,0
2802,Basic,20,0
2803,Free,0,1
2804,Basic,20,0
2805,Pro,50,1
2806,Free,0,0
2807,Enterprise,120,0
2808,Free,0,0
2809,Free,0,0
2810,Basic,20,0
2811,Free,0,1
2812,Free,0,1
2813,Basic,20,1
2814,Pro,50,0
2815,Enterprise,120,0
2816,Basic,20,0
2817,Free,0,0
2818,Basic,20,0
2819,Basic,20,0
2820,Pro,50,0
2821,Pro,50,0
2822,Pro,50,1
2823,Basic,20,0
2824,Basic,20,0
2825,Free,0,1
2826,Enterprise,120,0
2827,Free,0,1
2828,Free,0,0
2829,Free,0,1
2830,Pro,50,0
2831,Basic,20,1
2832,Basic,20,1
2833,Enterprise,120,0
2834,Enterprise,120,0
2835,Free,0,1
2836,Free,0,1
2837,Pro,50,0
2838,Enterprise,120,1
2839,Basic,20,1
2840,Basic,20,0
2841,Free,0,0
2842,Pro,50,1
2843,Basic,20,0
2844,Basic,20,1
2845,Free,0,1
2846,Enterprise,120,0
2847,Basic,20,0
2848,Free,0,1
2849,Basic,20,0
2850,Basic,20,1
2851,Basic,20,1
2852,Pro,50,1
2853,Basic,20,0
2854,Enterprise,120,0
2855,Free,0,0
2856,Free,0,1
2857,Free,0,1
2858,Basic,20,0
2859,Basic,20,1
2860,Pro,50,0
2861,Pro,50,0
2862,Basic,20,0
2863,Enterprise,120,0
2864,Free,0,1
2865,Pro,50,0
2866,Basic,20,0
2867,Basic,20,0
2868,Pro,50,0
2869,Basic,20,0
2870,Free,0,1
2871,Basic,20,0
2872,Basic,20,1
2873,Pro,50,0
2874,Basic,20,1
2875,Enterprise,120,0
2876,Basic,20,0
2877,Basic,20,0
2878,Pro,50,0
2879,Basic,20,0
2880,Enterprise,120,1
2881,Basic,20,0
2882,Basic,20,0
2883,Free,0,1
2884,Basic,20,0
2885,Free,0,0
2886,Pro,50,0
2887,Free,0,0
2888,Free,0,1
2889,Free,0,0
2890,Free,0,0
2891,Free,0,1
2892,Pro,50,0
2893,Pro,50,0
2894,Pro,50,0
2895,Pro,50,0
2896,Free,0,1
2897,Pro,50,0
2898,Free,0,1
2899,Free,0,1
2900,Basic,20,0
2901,Free,0,1
2902,Pro,50,0
2903,Free,0,1
2904,Pro,50,0
2905,Basic,20,0
2906,Free,0,1
2907,Pro,50,0
2908,Free,0,0
2909,Basic,20,1
2910,Free,0,0
2911,Basic,20,0
2912,Basic,20,0
2913,Free,0,1
2914,Enterprise,120,0
2915,Pro,50,0
2916,Pro,50,1
2917,Pro,50,1
2918,Free,0,1
2919,Basic,20,0
2920,Free,0,0
2921,Free,0,1
2922,Enterprise,120,0
2923,Basic,20,0
2924,Basic,20,0
2925,Free,0,1
2926,Basic,20,0
2927,Free,0,1
2928,Free,0,1
2929,Free,0,1
2930,Basic,20,0
2931,Basic,20,0
2932,Free,0,1
2933,Pro,50,0
2934,Free,0,1
2935,Basic,20,0
2936,Enterprise,120,0
2937,Basic,20,0
2938,Pro,50,0
2939,Enterprise,120,0
2940,Basic,20,1
2941,Pro,50,0
2942,Pro,50,0
2943,Free,0,1
2944,Free,0,0
2945,Enterprise,120,0
2946,Pro,50,0
2947,Free,0,0
2948,Basic,20,1
2949,Pro,50,0
2950,Basic,20,0
2951,Basic,20,1
2952,Pro,50,0
2953,Basic,20,0
2954,Basic,20,0
2955,Pro,50,0
2956,Pro,50,1
2957,Basic,20,0
2958,Free,0,1
2959,Basic,20,1
2960,Enterprise,120,0
2961,Free,0,0
2962,Free,0,0
2963,Basic,20,1
2964,Pro,50,0
2965,Free,0,0
2966,Free,0,0
2967,Free,0,0
2968,Pro,50,0
2969,Free,0,0
2970,Free,0,1
2971,Basic,20,0
2972,Pro,50,0
2973,Basic,20,0
2974,Free,0,1
2975,Basic,20,0
2976,Enterprise,120,0
2977,Basic,20,0
2978,Enterprise,120,0
2979,Pro,50,0
2980,Free,0,0
2981,Basic,20,0
2982,Free,0,1
2983,Basic,20,0
2984,Free,0,1
2985,Free,0,1
2986,Enterprise,120,0
2987,Free,0,1
2988,Pro,50,0
2989,Free,0,1
2990,Free,0,1
2991,Pro,50,1
2992,Basic,20,0
2993,Pro,50,0
2994,Free,0,0
2995,Basic,20,0
2996,Pro,50,0
2997,Basic,20,0
2998,Basic,20,0
2999,Enterprise,120,0
3000,Basic,20,0
3001,Enterprise,120,0
3002,Pro,50,0
3003,Pro,50,0
3004,Free,0,1
3005,Free,0,0
3006,Pro,50,0
3007,Free,0,1
3008,Free,0,1
3009,Free,0,0
3010,Free,0,1
3011,Enterprise,120,0
3012,Pro,50,0
3013,Basic,20,0
3014,Free,0,1
3015,Pro,50,0
3016,Basic,20,0
3017,Enterprise,120,0
3018,Basic,20,1
3019,Free,0,1
3020,Basic,20,0
3021,Enterprise,120,0
3022,Basic,20,0
3023,Basic,20,1
3024,Free,0,1
3025,Pro,50,0
3026,Pro,50,0
3027,Free,0,0
3028,Basic,20,0
3029,Free,0,1
3030,Free,0,0
3031,Free,0,1
3032,Free,0,1
3033,Basic,20,0
3034,Free,0,1
3035,Free,0,1
3036,Pro,50,0
3037,Basic,20,0
3038,Basic,20,1
3039,Basic,20,1
3040,Basic,20,1
3041,Free,0,1
3042,Pro,50,0
3043,Free,0,1
3044,Basic,20,1
3045,Free,0,0
3046,Pro,50,0
3047,Basic,20,0
3048,Basic,20,0
3049,Free,0,1
3050,Basic,20,1
3051,Enterprise,120,0
3052,Pro,50,1
3053,Free,0,0
3054,Free,0,1
3055,Enterprise,120,0
3056,Basic,20,0
3057,Basic,20,0
3058,Enterprise,120,1
3059,Pro,50,0
3060,Basic,20,0
3061,Basic,20,0
3062,Free,0,1
3063,Pro,50,0
3064,Free,0,0
3065,Free,0,1
3066,Free,0,1
3067,Free,0,0
3068,Basic,20,0
3069,Basic,20,0
3070,Basic,20,0
3071,Free,0,0
3072,Enterprise,120,0
3073,Free,0,1
3074,Pro,50,0
3075,Enterprise,120,0
3076,Basic,20,0
3077,Basic,20,1
3078,Enterprise,120,0
3079,Free,0,1
3080,Basic,20,0
3081,Basic,20,0
3082,Free,0,0
3083,Pro,50,0
3084,Pro,50,1
3085,Pro,50,1
3086,Free,0,0
3087,Free,0,0
3088,Basic,20,0
3089,Free,0,0
3090,Basic,20,0
3091,Basic,20,1
3092,Basic,20,0
3093,Basic,20,0
3094,Basic,20,0
3095,Free,0,0
3096,Free,0,1
3097,Basic,20,0
3098,Basic,20,1
3099,Pro,50,0
3100,Pro,50,0
3101,Enterprise,120,0
3102,Free,0,1
3103,Free,0,1
3104,Free,0,1
3105,Pro,50,0
3106,Basic,20,0
3107,Pro,50,0
3108,Basic,20,1
3109,Enterprise,120,0
3110,Enterprise,120,0
3111,Free,0,1
3112,Basic,20,0
3113,Basic,20,0
3114,Free,0,0
3115,Basic,20,0
3116,Basic,20,1
3117,Free,0,0
3118,Basic,20,0
3119,Basic,20,0
3120,Free,0,0
3121,Basic,20,1
3122,Free,0,1
3123,Pro,50,0
3124,Free,0,0
3125,Pro,50,0
3126,Basic,20,1
3127,Free,0,1
3128,Basic,20,0
3129,Basic,20,0
3130,Basic,20,0
3131,Basic,20,0
3132,Basic,20,1
3133,Free,0,1
3134,Free,0,1
3135,Pro,50,0
3136,Basic,20,0
3137,Free,0,1
3138,Pro,50,0
3139,Free,0,0
3140,Pro,50,0
3141,Free,0,1
3142,Free,0,1
3143,Enterprise,120,0
3144,Free,0,0
3145,Pro,50,1
3146,Free,0,1
3147,Basic,20,0
3148,Pro,50,0
3149,Free,0,0
3150,Pro,50,0
3151,Basic,20,0
3152,Basic,20,1
3153,Basic,20,1
3154,Pro,50,0
3155,Free,0,1
3156,Free,0,1
3157,Pro,50,0
3158,Pro,50,1
3159,Free,0,0
3160,Basic,20,1
3161,Basic,20,0
3162,Basic,20,1
3163,Free,0,0
3164,Basic,20,1
3165,Free,0,1
3166,Pro,50,0
3167,Pro,50,1
3168,Basic,20,1
3169,Free,0,0
3170,Free,0,0
3171,Basic,20,1
3172,Pro,50,1
3173,Free,0,1
3174,Basic,20,1
3175,Free,0,0
3176,Free,0,1
3177,Free,0,1
3178,Free,0,0
3179,Free,0,1
3180,Basic,20,0
3181,Pro,50,0
3182,Pro,50,0
3183,Free,0,1
3184,Free,0,1
3185,Free,0,1
3186,Free,0,1
3187,Basic,20,1
3188,Basic,20,0
3189,Free,0,1
3190,Free,0,1
3191,Free,0,1
3192,Free,0,0
3193,Pro,50,1
3194,Free,0,1
3195,Basic,20,0
3196,Basic,20,1
3197,Pro,50,0
3198,Pro,50,0
3199,Pro,50,1
3200,Free,0,1
3201,Basic,20,0
3202,Pro,50,1
3203,Free,0,0
3204,Basic,20,0
3205,Pro,50,0
3206,Basic,20,1
3207,Free,0,1
3208,Free,0,1
3209,Basic,20,0
3210,Free,0,0
3211,Basic,20,0
3212,Pro,50,0
3213,Free,0,0
3214,Pro,50,0
3215,Basic,20,0
3216,Free,0,1
3217,Pro,50,0
3218,Pro,50,0
3219,Basic,20,0
3220,Pro,50,0
3221,Pro,50,1
3222,Pro,50,1
3223,Basic,20,0
3224,Pro,50,1
3225,Enterprise,120,0
3226,Pro,50,0
3227,Free,0,1
3228,Basic,20,0
3229,Basic,20,0
3230,Free,0,1
3231,Enterprise,120,0
3232,Free,0,0
3233,Free,0,1
3234,Enterprise,120,1
3235,Basic,20,0
3236,Free,0,1
3237,Basic,20,1
3238,Basic,20,0
3239,Free,0,0
3240,Enterprise,120,0
3241,Basic,20,0
3242,Basic,20,0
3243,Basic,20,0
3244,Basic,20,0
3245,Free,0,0
3246,Free,0,1
3247,Basic,20,0
3248,Pro,50,0
3249,Free,0,1
3250,Basic,20,1
3251,Pro,50,0
3252,Free,0,1
3253,Free,0,1
3254,Free,0,1
3255,Basic,20,0
3256,Free,0,1
3257,Basic,20,0
3258,Basic,20,0
3259,Basic,20,0
3260,Free,0,0
3261,Basic,20,1
3262,Pro,50,0
3263,Enterprise,120,0
3264,Pro,50,0
3265,Basic,20,1
3266,Basic,20,0
3267,Free,0,0
3268,Free,0,0
3269,Free,0,0
3270,Basic,20,0
3271,Free,0,1
3272,Free,0,0
3273,Enterprise,120,1
3274,Free,0,0
3275,Free,0,0
3276,Free,0,0
3277,Basic,20,1
3278,Basic,20,1
3279,Free,0,0
3280,Basic,20,0
3281,Pro,50,0
3282,Pro,50,0
3283,Enterprise,120,0
3284,Pro,50,0
3285,Basic,20,0
3286,Free,0,0
3287,Free,0,1
3288,Free,0,0
3289,Basic,20,0
3290,Pro,50,0
3291,Basic,20,0
3292,Free,0,1
3293,Basic,20,0
3294,Enterprise,120,0
3295,Basic,20,0
3296,Pro,50,1
3297,Pro,50,0
3298,Enterprise,120,0
3299,Pro,50,0
3300,Pro,50,1
3301,Free,0,0
3302,Free,0,1
3303,Basic,20,1
3304,Free,0,1
3305,Enterprise,120,0
3306,Free,0,1
3307,Pro,50,0
3308,Free,0,1
3309,Free,0,0
3310,Enterprise,120,0
3311,Free,0,0
3312,Free,0,0
3313,Free,0,0
3314,Basic,20,0
3315,Free,0,1
3316,Basic,20,1
3317,Basic,20,0
3318,Pro,50,0
3319,Pro,50,0
3320,Basic,20,0
3321,Free,0,1
3322,Pro,50,0
3323,Free,0,1
3324,Basic,20,0
3325,Basic,20,0
3326,Pro,50,0
3327,Basic,20,0
3328,Free,0,1
3329,Basic,20,0
3330,Basic,20,0
3331,Free,0,0
3332,Basic,20,0
3333,Pro,50,0
3334,Enterprise,120,0
3335,Basic,20,1
3336,Free,0,0
3337,Free,0,0
3338,Pro,50,0
3339,Pro,50,0
3340,Free,0,1
3341,Free,0,0
3342,Pro,50,0
3343,Free,0,0
3344,Free,0,0
3345,Free,0,0
3346,Free,0,0
3347,Basic,20,0
3348,Pro,50,0
3349,Free,0,1
3350,Free,0,1
3351,Free,0,1
3352,Basic,20,1
3353,Free,0,0
3354,Basic,20,1
3355,Pro,50,1
3356,Free,0,1
3357,Free,0,0
3358,Free,0,1
3359,Basic,20,0
3360,Pro,50,1
3361,Free,0,0
3362,Enterprise,120,0
3363,Free,0,0
3364,Pro,50,0
3365,Basic,20,0
3366,Basic,20,0
3367,Basic,20,0
3368,Basic,20,0
3369,Pro,50,1
3370,Pro,50,0
3371,Basic,20,1
3372,Free,0,1
3373,Free,0,1
3374,Pro,50,0
3375,Basic,20,0
3376,Basic,20,0
3377,Basic,20,0
3378,Pro,50,0
3379,Basic,20,1
3380,Pro,50,0
3381,Pro,50,0
3382,Free,0,0
3383,Free,0,0
3384,Pro,50,0
3385,Free,0,1
3386,Enterprise,120,0
3387,Free,0,0
3388,Free,0,0
3389,Enterprise,120,0
3390,Basic,20,0
3391,Free,0,1
3392,Pro,50,1
3393,Basic,20,1
3394,Basic,20,0
3395,Free,0,1
3396,Pro,50,0
3397,Pro,50,0
3398,Free,0,1
3399,Pro,50,1
3400,Pro,50,1
3401,Basic,20,0
3402,Basic,20,0
3403,Free,0,1
3404,Free,0,0
3405,Pro,50,0
3406,Pro,50,0
3407,Basic,20,0
3408,Basic,20,0
3409,Free,0,0
3410,Free,0,1
3411,Basic,20,0
3412,Free,0,0
3413,Basic,20,0
3414,Free,0,0
3415,Pro,50,0
3416,Free,0,0
3417,Basic,20,1
3418,Basic,20,1
3419,Free,0,1
3420,Free,0,0
3421,Free,0,1
3422,Pro,50,1
3423,Free,0,1
3424,Pro,50,0
3425,Enterprise,120,0
3426,Pro,50,1
3427,Free,0,0
3428,Enterprise,120,1
3429,Free,0,1
3430,Basic,20,0
3431,Pro,50,0
3432,Basic,20,0
3433,Basic,20,1
3434,Free,0,0
3435,Free,0,1
3436,Basic,20,1
3437,Free,0,1
3438,Enterprise,120,0
3439,Enterprise,120,0
3440,Pro,50,0
3441,Basic,20,0
3442,Basic,20,0
3443,Enterprise,120,0
3444,Pro,50,0
3445,Basic,20,0
3446,Free,0,1
3447,Free,0,0
3448,Basic,20,0
3449,Basic,20,0
3450,Pro,50,0
3451,Free,0,1
3452,Free,0,1
3453,Free,0,1
3454,Free,0,0
3455,Free,0,0
3456,Basic,20,0
3457,Basic,20,1
3458,Pro,50,1
3459,Free,0,1
3460,Free,0,1
3461,Basic,20,0
3462,Pro,50,0
3463,Free,0,0
3464,Pro,50,0
3465,Free,0,1
3466,Pro,50,1
3467,Pro,50,0
3468,Free,0,0
3469,Basic,20,0
3470,Free,0,1
3471,Pro,50,1
3472,Basic,20,0
3473,Basic,20,0
3474,Pro,50,0
3475,Pro,50,1
3476,Free,0,1
3477,Basic,20,0
3478,Free,0,0
3479,Free,0,0
3480,Basic,20,1
3481,Free,0,1
3482,Free,0,1
3483,Pro,50,0
3484,Free,0,1
3485,Basic,20,0
3486,Free,0,1
3487,Free,0,0
3488,Free,0,0
3489,Basic,20,1
3490,Pro,50,0
3491,Free,0,1
3492,Free,0,1
3493,Enterprise,120,0
3494,Free,0,0
3495,Pro,50,0
3496,Free,0,1
3497,Pro,50,0
3498,Free,0,0
3499,Pro,50,0
3500,Pro,50,0
3501,Basic,20,0
3502,Free,0,0
3503,Pro,50,1
3504,Basic,20,0
3505,Free,0,0
3506,Free,0,1
3507,Pro,50,0
3508,Free,0,1
3509,Basic,20,0
3510,Basic,20,1
3511,Pro,50,1
3512,Enterprise,120,0
3513,Enterprise,120,0
3514,Free,0,0
3515,Pro,50,0
3516,Free,0,1
3517,Basic,20,0
3518,Basic,20,0
3519,Free,0,0
3520,Enterprise,120,1
3521,Free,0,0
3522,Basic,20,0
3523,Pro,50,0
3524,Pro,50,0
3525,Free,0,1
3526,Basic,20,1
3527,Pro,50,0
3528,Free,0,1
3529,Basic,20,0
3530,Free,0,0
3531,Basic,20,0
3532,Pro,50,0
3533,Basic,20,0
3534,Basic,20,1
3535,Basic,20,1
3536,Basic,20,0
3537,Free,0,1
3538,Free,0,1
3539,Basic,20,1
3540,Basic,20,1
3541,Basic,20,1
3542,Free,0,0
3543,Free,0,1
3544,Free,0,1
3545,Enterprise,120,0
3546,Basic,20,0
3547,Free,0,1
3548,Free,0,1
3549,Enterprise,120,0
3550,Free,0,1
3551,Pro,50,0
3552,Free,0,0
3553,Enterprise,120,0
3554,Pro,50,0
3555,Basic,20,0
3556,Free,0,1
3557,Free,0,1
3558,Basic,20,0
3559,Basic,20,0
3560,Free,0,1
3561,Free,0,0
3562,Basic,20,1
3563,Basic,20,1
3564,Free,0,1
3565,Free,0,1
3566,Enterprise,120,0
3567,Basic,20,0
3568,Pro,50,0
3569,Basic,20,0
3570,Free,0,0
3571,Free,0,0
3572,Free,0,1
3573,Pro,50,0
3574,Basic,20,0
3575,Free,0,1
3576,Enterprise,120,0
3577,Free,0,1
3578,Enterprise,120,1
3579,Enterprise,120,0
3580,Free,0,1
3581,Free,0,0
3582,Basic,20,1
3583,Basic,20,0
3584,Basic,20,0
3585,Enterprise,120,0
3586,Pro,50,0
3587,Free,0,0
3588,Free,0,0
3589,Basic,20,0
3590,Free,0,0
3591,Pro,50,0
3592,Free,0,1
3593,Free,0,0
3594,Free,0,1
3595,Pro,50,0
3596,Free,0,0
3597,Pro,50,0
3598,Basic,20,0
3599,Pro,50,1
3600,Basic,20,0
3601,Free,0,1
3602,Pro,50,0
3603,Free,0,1
3604,Basic,20,0
3605,Free,0,1
3606,Pro,50,0
3607,Enterprise,120,0
3608,Basic,20,0
3609,Basic,20,1
3610,Pro,50,0
3611,Free,0,0
3612,Enterprise,120,0
3613,Free,0,1
3614,Enterprise,120,0
3615,Pro,50,0
3616,Pro,50,1
3617,Basic,20,0
3618,Basic,20,0
3619,Basic,20,0
3620,Free,0,1
3621,Basic,20,0
3622,Basic,20,1
3623,Pro,50,0
3624,Basic,20,0
3625,Free,0,0
3626,Free,0,0
3627,Basic,20,0
3628,Free,0,0
3629,Free,0,1
3630,Pro,50,0
3631,Basic,20,1
3632,Basic,20,0
3633,Free,0,1
3634,Pro,50,0
3635,Free,0,0
3636,Pro,50,0
3637,Free,0,1
3638,Pro,50,0
3639,Basic,20,1
3640,Basic,20,0
3641,Basic,20,0
3642,Basic,20,0
3643,Free,0,1
3644,Pro,50,0
3645,Free,0,1
3646,Enterprise,120,0
3647,Pro,50,1
3648,Free,0,1
3649,Pro,50,0
3650,Free,0,0
3651,Free,0,1
3652,Enterprise,120,0
3653,Basic,20,0
3654,Basic,20,0
3655,Free,0,0
3656,Free,0,1
3657,Enterprise,120,0
3658,Free,0,1
3659,Free,0,0
3660,Basic,20,0
3661,Basic,20,0
3662,Basic,20,0
3663,Free,0,0
3664,Free,0,0
3665,Free,0,1
3666,Enterprise,120,0
3667,Free,0,1
3668,Pro,50,0
3669,Pro,50,1
3670,Pro,50,0
3671,Pro,50,0
3672,Free,0,0
3673,Free,0,0
3674,Basic,20,0
3675,Free,0,0
3676,Pro,50,0
3677,Basic,20,0
3678,Pro,50,1
3679,Free,0,0
3680,Enterprise,120,0
3681,Free,0,0
3682,Basic,20,0
3683,Basic,20,0
3684,Pro,50,0
3685,Basic,20,0
3686,Enterprise,120,0
3687,Enterprise,120,0
3688,Pro,50,0
3689,Free,0,1
3690,Pro,50,0
3691,Pro,50,0
3692,Free,0,1
3693,Free,0,1
3694,Free,0,0
3695,Free,0,1
3696,Basic,20,0
3697,Enterprise,120,0
3698,Basic,20,0
3699,Basic,20,1
3700,Enterprise,120,0
3701,Free,0,1
3702,Pro,50,0
3703,Basic,20,0
3704,Basic,20,1
3705,Free,0,0
3706,Basic,20,0
3707,Free,0,1
3708,Pro,50,1
3709,Free,0,1
3710,Pro,50,1
3711,Free,0,1
3712,Free,0,0
3713,Basic,20,0
3714,Free,0,1
3715,Pro,50,0
3716,Enterprise,120,1
3717,Pro,50,0
3718,Free,0,1
3719,Basic,20,0
3720,Basic,20,1
3721,Pro,50,0
3722,Free,0,1
3723,Basic,20,1
3724,Basic,20,0
3725,Free,0,1
3726,Free,0,0
3727,Basic,20,0
3728,Pro,50,0
3729,Enterprise,120,0
3730,Basic,20,1
3731,Free,0,0
3732,Free,0,1
3733,Enterprise,120,0
3734,Enterprise,120,0
3735,Enterprise,120,0
3736,Pro,50,0
3737,Free,0,0
3738,Pro,50,0
3739,Basic,20,0
3740,Free,0,0
3741,Pro,50,0
3742,Free,0,1
3743,Free,0,1
3744,Basic,20,0
3745,Basic,20,0
3746,Pro,50,0
3747,Free,0,1
3748,Free,0,0
3749,Free,0,0
3750,Free,0,1
3751,Free,0,1
3752,Basic,20,0
3753,Basic,20,0
3754,Pro,50,0
3755,Enterprise,120,0
3756,Basic,20,0
3757,Free,0,1
3758,Free,0,0
3759,Pro,50,0
3760,Basic,20,0
3761,Pro,50,0
3762,Pro,50,0
3763,Enterprise,120,0
3764,Enterprise,120,0
3765,Basic,20,0
3766,Free,0,0
3767,Enterprise,120,0
3768,Basic,20,0
3769,Free,0,0
3770,Basic,20,1
3771,Basic,20,0
3772,Pro,50,0
3773,Basic,20,0
3774,Free,0,1
3775,Enterprise,120,0
3776,Pro,50,0
3777,Basic,20,0
3778,Free,0,1
3779,Free,0,1
3780,Basic,20,0
3781,Free,0,0
3782,Free,0,0
3783,Pro,50,0
3784,Basic,20,0
3785,Basic,20,0
3786,Free,0,1
3787,Basic,20,0
3788,Pro,50,0
3789,Free,0,0
3790,Free,0,1
3791,Basic,20,0
3792,Enterprise,120,1
3793,Basic,20,0
3794,Free,0,1
3795,Free,0,0
3796,Pro,50,0
3797,Free,0,0
3798,Basic,20,0
3799,Basic,20,1
3800,Free,0,0
3801,Pro,50,1
3802,Pro,50,0
3803,Basic,20,0
3804,Free,0,0
3805,Free,0,0
3806,Basic,20,1
3807,Basic,20,1
3808,Free,0,1
3809,Free,0,1
3810,Free,0,1
3811,Enterprise,120,0
3812,Pro,50,0
3813,Enterprise,120,0
3814,Free,0,0
3815,Enterprise,120,0
3816,Free,0,0
3817,Basic,20,0
3818,Pro,50,0
3819,Free,0,0
3820,Basic,20,0
3821,Free,0,1
3822,Free,0,0
3823,Basic,20,1
3824,Basic,20,1
3825,Pro,50,1
3826,Basic,20,0
3827,Basic,20,0
3828,Free,0,1
3829,Free,0,1
3830,Enterprise,120,0
3831,Free,0,1
3832,Basic,20,0
3833,Free,0,1
3834,Pro,50,0
3835,Pro,50,0
3836,Free,0,0
3837,Free,0,1
3838,Basic,20,1
3839,Free,0,1
3840,Free,0,1
3841,Pro,50,0
3842,Free,0,1
3843,Pro,50,0
3844,Basic,20,0
3845,Free,0,0
3846,Basic,20,0
3847,Basic,20,0
3848,Free,0,0
3849,Basic,20,0
3850,Free,0,1
3851,Free,0,0
3852,Free,0,0
3853,Free,0,0
3854,Free,0,0
3855,Basic,20,0
3856,Basic,20,1
3857,Basic,20,0
3858,Pro,50,1
3859,Pro,50,0
3860,Basic,20,0
3861,Basic,20,0
3862,Free,0,1
3863,Pro,50,0
3864,Free,0,0
3865,Free,0,0
3866,Pro,50,0
3867,Free,0,0
3868,Free,0,1
3869,Basic,20,0
3870,Basic,20,1
3871,Pro,50,0
3872,Pro,50,0
3873,Free,0,0
3874,Free,0,1
3875,Basic,20,1
3876,Free,0,1
3877,Basic,20,0
3878,Free,0,0
3879,Basic,20,0
3880,Basic,20,0
3881,Basic,20,1
3882,Basic,20,1
3883,Basic,20,0
3884,Free,0,0
3885,Free,0,1
3886,Free,0,1
3887,Basic,20,0
3888,Free,0,1
3889,Basic,20,0
3890,Free,0,1
3891,Basic,20,1
3892,Pro,50,1
3893,Free,0,0
3894,Free,0,0
3895,Free,0,0
3896,Basic,20,0
3897,Basic,20,0
3898,Free,0,0
3899,Basic,20,0
3900,Free,0,1
3901,Basic,20,0
3902,Basic,20,0
3903,Pro,50,0
3904,Free,0,1
3905,Pro,50,0
3906,Pro,50,0
3907,Free,0,1
3908,Free,0,1
3909,Basic,20,0
3910,Pro,50,1
3911,Pro,50,0
3912,Basic,20,0
3913,Pro,50,0
3914,Free,0,0
3915,Free,0,1
3916,Enterprise,120,0
3917,Pro,50,1
3918,Basic,20,0
3919,Pro,50,1
3920,Enterprise,120,0
3921,Pro,50,1
3922,Pro,50,0
3923,Pro,50,0
3924,Free,0,1
3925,Pro,50,0
3926,Free,0,1
3927,Pro,50,0
3928,Basic,20,0
3929,Basic,20,0
3930,Basic,20,0
3931,Free,0,1
3932,Free,0,1
3933,Enterprise,120,1
3934,Enterprise,120,0
3935,Free,0,0
3936,Enterprise,120,0
3937,Pro,50,0
3938,Basic,20,0
3939,Free,0,0
3940,Enterprise,120,0
3941,Basic,20,0
3942,Pro,50,0
3943,Pro,50,0
3944,Pro,50,0
3945,Basic,20,0
3946,Free,0,1
3947,Free,0,1
3948,Free,0,1
3949,Free,0,0
3950,Basic,20,0
3951,Basic,20,0
3952,Pro,50,0
3953,Free,0,1
3954,Basic,20,1
3955,Free,0,1
3956,Free,0,0
3957,Free,0,1
3958,Pro,50,0
3959,Free,0,1
3960,Pro,50,0
3961,Free,0,1
3962,Pro,50,0
3963,Pro,50,0
3964,Enterprise,120,0
3965,Pro,50,0
3966,Enterprise,120,0
3967,Pro,50,0
3968,Basic,20,0
3969,Free,0,1
3970,Free,0,0
3971,Free,0,0
3972,Basic,20,1
3973,Basic,20,0
3974,Pro,50,0
3975,Enterprise,120,0
3976,Basic,20,0
3977,Basic,20,0
3978,Enterprise,120,0
3979,Free,0,0
3980,Pro,50,0
3981,Free,0,0
3982,Basic,20,1
3983,Free,0,1
3984,Pro,50,0
3985,Basic,20,1
3986,Free,0,1
3987,Free,0,1
3988,Basic,20,1
3989,Enterprise,120,0
3990,Pro,50,0
3991,Basic,20,0
3992,Free,0,0
3993,Basic,20,1
3994,Pro,50,0
3995,Pro,50,0
3996,Free,0,0
3997,Pro,50,0
3998,Basic,20,0
3999,Enterprise,120,0
4000,Enterprise,120,0
4001,Pro,50,0
4002,Pro,50,0
4003,Free,0,0
4004,Pro,50,0
4005,Basic,20,1
4006,Free,0,1
4007,Free,0,0
4008,Pro,50,0
4009,Free,0,1
4010,Basic,20,0
4011,Basic,20,0
4012,Free,0,1
4013,Free,0,1
4014,Pro,50,0
4015,Pro,50,1
4016,Free,0,0
4017,Pro,50,0
4018,Pro,50,0
4019,Basic,20,0
4020,Pro,50,0
4021,Enterprise,120,0
4022,Basic,20,0
4023,Free,0,1
4024,Enterprise,120,0
4025,Basic,20,1
4026,Free,0,0
4027,Basic,20,0
4028,Basic,20,0
4029,Pro,50,1
4030,Basic,20,0
4031,Free,0,1
4032,Basic,20,0
4033,Basic,20,0
4034,Free,0,0
4035,Basic,20,1
4036,Pro,50,0
4037,Free,0,1
4038,Basic,20,0
4039,Free,0,0
4040,Free,0,0
4041,Free,0,0
4042,Free,0,0
4043,Pro,50,0
4044,Free,0,0
4045,Pro,50,1
4046,Free,0,0
4047,Enterprise,120,0
4048,Basic,20,0
4049,Pro,50,0
4050,Free,0,1
4051,Basic,20,1
4052,Free,0,1
4053,Enterprise,120,1
4054,Basic,20,0
4055,Basic,20,1
4056,Pro,50,1
4057,Free,0,1
4058,Pro,50,0
4059,Basic,20,0
4060,Pro,50,0
4061,Basic,20,1
4062,Free,0,0
4063,Free,0,0
4064,Pro,50,0
4065,Basic,20,0
4066,Basic,20,1
4067,Enterprise,120,0
4068,Free,0,1
4069,Pro,50,1
4070,Enterprise,120,0
4071,Pro,50,0
4072,Pro,50,0
4073,Free,0,1
4074,Free,0,0
4075,Pro,50,0
4076,Free,0,0
4077,Free,0,1
4078,Pro,50,0
4079,Free,0,1
4080,Enterprise,120,0
4081,Pro,50,0
4082,Pro,50,0
4083,Pro,50,0
4084,Pro,50,0
4085,Pro,50,0
4086,Basic,20,1
4087,Free,0,1
4088,Pro,50,1
4089,Pro,50,0
4090,Basic,20,0
4091,Free,0,0
4092,Basic,20,0
4093,Free,0,0
4094,Enterprise,120,0
4095,Enterprise,120,0
4096,Free,0,0
4097,Basic,20,0
4098,Free,0,1
4099,Pro,50,0
4100,Free,0,1
4101,Basic,20,1
4102,Free,0,1
4103,Free,0,1
4104,Basic,20,0
4105,Free,0,1
4106,Basic,20,1
4107,Free,0,1
4108,Basic,20,0
4109,Pro,50,0
4110,Pro,50,1
4111,Pro,50,1
4112,Enterprise,120,0
4113,Free,0,0
4114,Free,0,1
4115,Basic,20,0
4116,Pro,50,0
4117,Enterprise,120,0
4118,Free,0,1
4119,Free,0,1
4120,Free,0,1
4121,Pro,50,0
4122,Basic,20,0
4123,Free,0,1
4124,Basic,20,1
4125,Basic,20,0
4126,Pro,50,0
4127,Free,0,1
4128,Pro,50,1
4129,Basic,20,1
4130,Pro,50,0
4131,Pro,50,0
4132,Free,0,0
4133,Free,0,0
4134,Pro,50,0
4135,Free,0,1
4136,Pro,50,0
4137,Pro,50,0
4138,Pro,50,0
4139,Free,0,1
4140,Free,0,1
4141,Basic,20,0
4142,Free,0,1
4143,Pro,50,0
4144,Pro,50,1
4145,Basic,20,0
4146,Pro,50,0
4147,Free,0,0
4148,Free,0,1
4149,Enterprise,120,0
4150,Enterprise,120,0
4151,Basic,20,0
4152,Enterprise,120,0
4153,Basic,20,1
4154,Free,0,0
4155,Free,0,1
4156,Enterprise,120,0
4157,Free,0,1
4158,Basic,20,0
4159,Basic,20,0
4160,Pro,50,0
4161,Basic,20,0
4162,Free,0,0
4163,Free,0,0
4164,Basic,20,0
4165,Pro,50,0
4166,Basic,20,0
4167,Pro,50,0
4168,Free,0,0
4169,Pro,50,0
4170,Basic,20,0
4171,Free,0,1
4172,Basic,20,1
4173,Pro,50,1
4174,Pro,50,0
4175,Free,0,1
4176,Pro,50,0
4177,Free,0,1
4178,Free,0,0
4179,Basic,20,1
4180,Basic,20,1
4181,Pro,50,0
4182,Free,0,0
4183,Free,0,1
4184,Basic,20,1
4185,Free,0,0
4186,Free,0,1
4187,Free,0,1
4188,Basic,20,0
4189,Free,0,1
4190,Basic,20,1
4191,Free,0,0
4192,Free,0,0
4193,Basic,20,1
4194,Free,0,1
4195,Basic,20,1
4196,Free,0,0
4197,Basic,20,0
4198,Free,0,1
4199,Free,0,1
4200,Basic,20,1
4201,Enterprise,120,0
4202,Free,0,0
4203,Basic,20,1
4204,Pro,50,0
4205,Basic,20,0
4206,Pro,50,0
4207,Free,0,1
4208,Enterprise,120,0
4209,Free,0,0
4210,Free,0,0
4211,Pro,50,0
4212,Basic,20,0
4213,Basic,20,0
4214,Pro,50,0
4215,Basic,20,1
4216,Free,0,1
4217,Basic,20,1
4218,Free,0,1
4219,Pro,50,0
4220,Enterprise,120,0
4221,Free,0,1
4222,Basic,20,0
4223,Free,0,1
4224,Free,0,1
4225,Enterprise,120,1
4226,Free,0,1
4227,Basic,20,0
4228,Pro,50,0
4229,Pro,50,0
4230,Basic,20,0
4231,Basic,20,0
4232,Basic,20,0
4233,Enterprise,120,0
4234,Basic,20,0
4235,Basic,20,0
4236,Free,0,1
4237,Free,0,0
4238,Basic,20,1
4239,Enterprise,120,0
4240,Pro,50,0
4241,Enterprise,120,0
4242,Basic,20,0
4243,Pro,50,0
4244,Pro,50,0
4245,Basic,20,1
4246,Free,0,0
4247,Basic,20,0
4248,Pro,50,0
4249,Free,0,0
4250,Enterprise,120,0
4251,Free,0,1
4252,Pro,50,1
4253,Basic,20,0
4254,Pro,50,0
4255,Basic,20,1
4256,Enterprise,120,0
4257,Basic,20,1
4258,Free,0,0
4259,Basic,20,1
4260,Free,0,1
4261,Free,0,1
4262,Free,0,0
4263,Pro,50,0
4264,Basic,20,0
4265,Basic,20,0
4266,Free,0,1
4267,Free,0,0
4268,Enterprise,120,0
4269,Basic,20,0
4270,Enterprise,120,0
4271,Free,0,1
4272,Free,0,0
4273,Pro,50,0
4274,Basic,20,0
4275,Free,0,1
4276,Free,0,1
4277,Pro,50,0
4278,Basic,20,0
4279,Basic,20,0
4280,Free,0,0
4281,Free,0,1
4282,Enterprise,120,0
4283,Free,0,0
4284,Basic,20,1
4285,Pro,50,0
4286,Free,0,0
4287,Basic,20,0
4288,Basic,20,1
4289,Basic,20,0
4290,Basic,20,0
4291,Free,0,0
4292,Basic,20,1
4293,Basic,20,0
4294,Basic,20,0
4295,Free,0,1
4296,Basic,20,0
4297,Enterprise,120,0
4298,Basic,20,1
4299,Pro,50,0
4300,Basic,20,0
4301,Pro,50,0
4302,Enterprise,120,0
4303,Free,0,1
4304,Basic,20,0
4305,Free,0,0
4306,Basic,20,1
4307,Free,0,0
4308,Pro,50,1
4309,Free,0,0
4310,Basic,20,0
4311,Basic,20,0
4312,Free,0,1
4313,Enterprise,120,0
4314,Pro,50,0
4315,Basic,20,0
4316,Basic,20,0
4317,Free,0,1
4318,Pro,50,0
4319,Free,0,0
4320,Basic,20,0
4321,Pro,50,0
4322,Free,0,0
4323,Pro,50,1
4324,Free,0,1
4325,Enterprise,120,0
4326,Free,0,1
4327,Basic,20,0
4328,Free,0,0
4329,Pro,50,1
4330,Basic,20,0
4331,Free,0,1
4332,Basic,20,0
4333,Basic,20,1
4334,Basic,20,1
4335,Pro,50,0
4336,Basic,20,0
4337,Free,0,0
4338,Free,0,0
4339,Basic,20,0
4340,Basic,20,1
4341,Free,0,0
4342,Free,0,1
4343,Basic,20,0
4344,Enterprise,120,0
4345,Free,0,0
4346,Basic,20,0
4347,Pro,50,1
4348,Pro,50,0
4349,Free,0,1
4350,Basic,20,0
4351,Pro,50,0
4352,Free,0,1
4353,Basic,20,0
4354,Free,0,0
4355,Free,0,1
4356,Basic,20,1
4357,Pro,50,0
4358,Free,0,0
4359,Basic,20,0
4360,Basic,20,0
4361,Basic,20,1
4362,Pro,50,0
4363,Free,0,1
4364,Enterprise,120,0
4365,Basic,20,1
4366,Basic,20,1
4367,Pro,50,0
4368,Free,0,1
4369,Free,0,0
4370,Pro,50,0
4371,Basic,20,0
4372,Pro,50,0
4373,Enterprise,120,0
4374,Free,0,1
4375,Basic,20,0
4376,Basic,20,0
4377,Free,0,1
4378,Pro,50,0
4379,Pro,50,1
4380,Basic,20,0
4381,Free,0,1
4382,Free,0,0
4383,Free,0,0
4384,Pro,50,0
4385,Free,0,0
4386,Pro,50,0
4387,Basic,20,0
4388,Pro,50,0
4389,Basic,20,0
4390,Basic,20,0
4391,Basic,20,1
4392,Pro,50,0
4393,Basic,20,0
4394,Basic,20,0
4395,Basic,20,0
4396,Free,0,0
4397,Basic,20,0
4398,Enterprise,120,0
4399,Free,0,0
4400,Free,0,1
4401,Free,0,0
4402,Basic,20,0
4403,Free,0,1
4404,Basic,20,1
4405,Free,0,1
4406,Free,0,1
4407,Pro,50,0
4408,Free,0,0
4409,Enterprise,120,0
4410,Free,0,1
4411,Basic,20,1
4412,Free,0,1
4413,Free,0,0
4414,Enterprise,120,1
4415,Pro,50,0
4416,Free,0,0
4417,Basic,20,0
4418,Basic,20,0
4419,Free,0,0
4420,Free,0,1
4421,Enterprise,120,0
4422,Enterprise,120,0
4423,Enterprise,120,0
4424,Pro,50,0
4425,Basic,20,1
4426,Free,0,0
4427,Free,0,1
4428,Free,0,1
4429,Basic,20,0
4430,Pro,50,0
4431,Pro,50,1
4432,Enterprise,120,0
4433,Pro,50,0
4434,Enterprise,120,0
4435,Free,0,1
4436,Pro,50,0
4437,Basic,20,0
4438,Free,0,1
4439,Enterprise,120,0
4440,Pro,50,0
4441,Free,0,1
4442,Free,0,1
4443,Basic,20,0
4444,Basic,20,0
4445,Enterprise,120,0
4446,Free,0,0
4447,Free,0,1
4448,Free,0,0
4449,Free,0,1
4450,Free,0,0
4451,Enterprise,120,0
4452,Free,0,1
4453,Basic,20,0
4454,Free,0,1
4455,Free,0,1
4456,Pro,50,0
4457,Basic,20,1
4458,Pro,50,1
4459,Basic,20,0
4460,Free,0,0
4461,Basic,20,1
4462,Free,0,1
4463,Pro,50,0
4464,Free,0,1
4465,Basic,20,0
4466,Free,0,0
4467,Basic,20,0
4468,Enterprise,120,0
4469,Basic,20,1
4470,Basic,20,0
4471,Enterprise,120,0
4472,Basic,20,1
4473,Free,0,1
4474,Free,0,0
4475,Pro,50,0
4476,Pro,50,0
4477,Free,0,0
4478,Free,0,0
4479,Enterprise,120,0
4480,Free,0,1
4481,Basic,20,1
4482,Free,0,0
4483,Pro,50,0
4484,Free,0,0
4485,Basic,20,0
4486,Free,0,0
4487,Basic,20,1
4488,Pro,50,0
4489,Free,0,1
4490,Basic,20,1
4491,Basic,20,0
4492,Free,0,0
4493,Pro,50,0
4494,Free,0,1
4495,Pro,50,0
4496,Free,0,1
4497,Free,0,0
4498,Free,0,0
4499,Basic,20,0
4500,Basic,20,0
4501,Pro,50,0
4502,Free,0,1
4503,Free,0,1
4504,Pro,50,0
4505,Pro,50,1
4506,Free,0,0
4507,Basic,20,1
4508,Free,0,1
4509,Pro,50,0
4510,Pro,50,0
4511,Pro,50,0
4512,Pro,50,0
4513,Free,0,1
4514,Pro,50,0
4515,Basic,20,0
4516,Free,0,1
4517,Basic,20,0
4518,Enterprise,120,0
4519,Pro,50,0
4520,Free,0,1
4521,Pro,50,0
4522,Pro,50,1
4523,Free,0,0
4524,Basic,20,1
4525,Pro,50,0
4526,Basic,20,1
4527,Free,0,0
4528,Pro,50,0
4529,Enterprise,120,0
4530,Basic,20,1
4531,Pro,50,0
4532,Free,0,0
4533,Free,0,1
4534,Basic,20,1
4535,Free,0,1
4536,Pro,50,0
4537,Free,0,1
4538,Basic,20,1
4539,Free,0,0
4540,Enterprise,120,0
4541,Free,0,1
4542,Free,0,0
4543,Free,0,1
4544,Pro,50,0
4545,Free,0,1
4546,Free,0,1
4547,Free,0,1
4548,Pro,50,0
4549,Free,0,0
4550,Free,0,1
4551,Free,0,1
4552,Basic,20,0
4553,Pro,50,0
4554,Basic,20,0
4555,Enterprise,120,0
4556,Enterprise,120,0
4557,Free,0,1
4558,Pro,50,0
4559,Pro,50,0
4560,Pro,50,0
4561,Basic,20,0
4562,Basic,20,0
4563,Basic,20,1
4564,Pro,50,0
4565,Free,0,1
4566,Free,0,1
4567,Free,0,1
4568,Free,0,0
4569,Basic,20,0
4570,Free,0,0
4571,Free,0,1
4572,Enterprise,120,0
4573,Basic,20,1
4574,Pro,50,0
4575,Free,0,1
4576,Free,0,1
4577,Pro,50,0
4578,Pro,50,0
4579,Free,0,0
4580,Enterprise,120,0
4581,Enterprise,120,0
4582,Enterprise,120,0
4583,Basic,20,1
4584,Free,0,0
4585,Basic,20,0
4586,Basic,20,1
4587,Free,0,1
4588,Pro,50,0
4589,Free,0,1
4590,Basic,20,0
4591,Free,0,0
4592,Pro,50,0
4593,Free,0,1
4594,Pro,50,0
4595,Basic,20,0
4596,Pro,50,0
4597,Enterprise,120,0
4598,Basic,20,0
4599,Enterprise,120,0
4600,Free,0,1
4601,Free,0,1
4602,Free,0,1
4603,Free,0,0
4604,Pro,50,0
4605,Free,0,0
4606,Basic,20,0
4607,Basic,20,0
4608,Basic,20,0
4609,Basic,20,1
4610,Pro,50,0
4611,Free,0,0
4612,Free,0,0
4613,Basic,20,0
4614,Basic,20,0
4615,Basic,20,1
4616,Pro,50,0
4617,Basic,20,0
4618,Basic,20,0
4619,Free,0,0
4620,Basic,20,0
4621,Pro,50,0
4622,Free,0,1
4623,Free,0,1
4624,Pro,50,0
4625,Free,0,0
4626,Free,0,0
4627,Basic,20,0
4628,Free,0,1
4629,Pro,50,0
4630,Free,0,1
4631,Pro,50,1
4632,Basic,20,0
4633,Pro,50,0
4634,Free,0,1
4635,Basic,20,0
4636,Basic,20,0
4637,Basic,20,1
4638,Basic,20,0
4639,Pro,50,0
4640,Enterprise,120,0
4641,Free,0,0
4642,Free,0,1
4643,Pro,50,0
4644,Free,0,1
4645,Enterprise,120,0
4646,Basic,20,0
4647,Basic,20,0
4648,Free,0,0
4649,Free,0,0
4650,Basic,20,0
4651,Enterprise,120,0
4652,Enterprise,120,0
4653,Free,0,0
4654,Free,0,1
4655,Free,0,0
4656,Pro,50,1
4657,Free,0,1
4658,Free,0,1
4659,Free,0,0
4660,Free,0,0
4661,Enterprise,120,0
4662,Basic,20,1
4663,Free,0,1
4664,Free,0,1
4665,Free,0,0
4666,Free,0,1
4667,Free,0,1
4668,Basic,20,0
4669,Free,0,1
4670,Free,0,0
4671,Free,0,1
4672,Pro,50,0
4673,Basic,20,0
4674,Basic,20,1
4675,Basic,20,0
4676,Basic,20,0
4677,Free,0,1
4678,Enterprise,120,1
4679,Free,0,1
4680,Basic,20,0
4681,Pro,50,0
4682,Basic,20,0
4683,Enterprise,120,0
4684,Basic,20,0
4685,Pro,50,0
4686,Pro,50,1
4687,Enterprise,120,0
4688,Enterprise,120,0
4689,Pro,50,0
4690,Pro,50,1
4691,Free,0,1
4692,Free,0,1
4693,Basic,20,1
4694,Enterprise,120,0
4695,Pro,50,0
4696,Enterprise,120,0
4697,Pro,50,0
4698,Free,0,1
4699,Free,0,0
4700,Free,0,1
4701,Free,0,1
4702,Basic,20,1
4703,Enterprise,120,0
4704,Pro,50,0
4705,Basic,20,0
4706,Free,0,0
4707,Free,0,0
4708,Basic,20,1
4709,Free,0,0
4710,Free,0,1
4711,Basic,20,0
4712,Free,0,0
4713,Enterprise,120,0
4714,Free,0,1
4715,Free,0,0
4716,Free,0,0
4717,Free,0,1
4718,Basic,20,1
4719,Pro,50,0
4720,Basic,20,0
4721,Basic,20,0
4722,Free,0,1
4723,Basic,20,0
4724,Free,0,1
4725,Free,0,1
4726,Pro,50,0
4727,Pro,50,0
4728,Pro,50,0
4729,Free,0,1
4730,Free,0,0
4731,Enterprise,120,0
4732,Free,0,0
4733,Free,0,1
4734,Free,0,0
4735,Free,0,1
4736,Free,0,1
4737,Basic,20,0
4738,Basic,20,1
4739,Enterprise,120,0
4740,Free,0,1
4741,Free,0,1
4742,Basic,20,0
4743,Basic,20,1
4744,Basic,20,0
4745,Pro,50,0
4746,Free,0,1
4747,Pro,50,0
4748,Basic,20,0
4749,Free,0,1
4750,Pro,50,0
4751,Basic,20,0
4752,Free,0,0
4753,Free,0,0
4754,Free,0,1
4755,Basic,20,0
4756,Free,0,1
4757,Free,0,1
4758,Free,0,1
4759,Pro,50,0
4760,Pro,50,0
4761,Pro,50,0
4762,Free,0,0
4763,Enterprise,120,1
4764,Basic,20,0
4765,Pro,50,0
4766,Basic,20,0
4767,Basic,20,0
4768,Pro,50,0
4769,Free,0,0
4770,Basic,20,1
4771,Pro,50,0
4772,Pro,50,0
4773,Enterprise,120,0
4774,Basic,20,0
4775,Free,0,1
4776,Free,0,1
4777,Basic,20,0
4778,Basic,20,0
4779,Free,0,0
4780,Free,0,1
4781,Basic,20,1
4782,Pro,50,0
4783,Enterprise,120,0
4784,Pro,50,0
4785,Pro,50,1
4786,Basic,20,1
4787,Enterprise,120,0
4788,Basic,20,0
4789,Pro,50,1
4790,Enterprise,120,0
4791,Enterprise,120,1
4792,Free,0,1
4793,Free,0,1
4794,Free,0,1
4795,Free,0,0
4796,Free,0,0
4797,Free,0,1
4798,Free,0,0
4799,Basic,20,0
4800,Pro,50,0
4801,Free,0,1
4802,Basic,20,0
4803,Pro,50,0
4804,Basic,20,0
4805,Enterprise,120,0
4806,Free,0,1
4807,Free,0,0
4808,Basic,20,0
4809,Free,0,1
4810,Basic,20,1
4811,Free,0,0
4812,Free,0,0
4813,Free,0,0
4814,Free,0,0
4815,Basic,20,0
4816,Basic,20,1
4817,Free,0,1
4818,Free,0,1
4819,Free,0,0
4820,Free,0,0
4821,Pro,50,0
4822,Free,0,1
4823,Pro,50,0
4824,Pro,50,1
4825,Free,0,1
4826,Basic,20,0
4827,Enterprise,120,0
4828,Pro,50,0
4829,Basic,20,0
4830,Pro,50,1
4831,Pro,50,1
4832,Free,0,0
4833,Pro,50,0
4834,Basic,20,0
4835,Basic,20,0
4836,Enterprise,120,0
4837,Pro,50,0
4838,Free,0,1
4839,Free,0,0
4840,Basic,20,1
4841,Pro,50,0
4842,Basic,20,0
4843,Enterprise,120,0
4844,Pro,50,1
4845,Basic,20,0
4846,Free,0,1
4847,Basic,20,0
4848,Basic,20,0
4849,Basic,20,0
4850,Basic,20,0
4851,Basic,20,1
4852,Free,0,0
4853,Free,0,1
4854,Basic,20,0
4855,Free,0,0
4856,Free,0,1
4857,Free,0,1
4858,Basic,20,0
4859,Free,0,1
4860,Pro,50,0
4861,Basic,20,0
4862,Basic,20,0
4863,Pro,50,0
4864,Free,0,0
4865,Basic,20,0
4866,Enterprise,120,0
4867,Pro,50,0
4868,Enterprise,120,0
4869,Pro,50,0
4870,Free,0,0
4871,Free,0,0
4872,Basic,20,0
4873,Free,0,0
4874,Free,0,1
4875,Pro,50,0
4876,Free,0,1
4877,Free,0,1
4878,Pro,50,0
4879,Pro,50,0
4880,Free,0,1
4881,Pro,50,0
4882,Pro,50,0
4883,Basic,20,0
4884,Free,0,0
4885,Free,0,1
4886,Basic,20,0
4887,Free,0,0
4888,Enterprise,120,0
4889,Pro,50,0
4890,Pro,50,0
4891,Enterprise,120,1
4892,Pro,50,0
4893,Free,0,1
4894,Free,0,0
4895,Pro,50,0
4896,Free,0,1
4897,Basic,20,1
4898,Basic,20,0
4899,Enterprise,120,0
4900,Basic,20,0
4901,Pro,50,0
4902,Free,0,0
4903,Basic,20,1
4904,Free,0,1
4905,Pro,50,0
4906,Free,0,1
4907,Pro,50,0
4908,Free,0,0
4909,Free,0,1
4910,Basic,20,0
4911,Basic,20,1
4912,Free,0,1
4913,Free,0,1
4914,Pro,50,0
4915,Basic,20,0
4916,Free,0,1
4917,Pro,50,0
4918,Free,0,1
4919,Basic,20,0
4920,Free,0,1
4921,Basic,20,0
4922,Free,0,0
4923,Enterprise,120,0
4924,Free,0,1
4925,Free,0,0
4926,Free,0,0
4927,Pro,50,1
4928,Basic,20,1
4929,Pro,50,0
4930,Enterprise,120,0
4931,Enterprise,120,1
4932,Pro,50,0
4933,Free,0,1
4934,Pro,50,0
4935,Free,0,1
4936,Pro,50,0
4937,Basic,20,1
4938,Pro,50,1
4939,Basic,20,0
4940,Basic,20,0
4941,Enterprise,120,0
4942,Free,0,1
4943,Free,0,1
4944,Basic,20,1
4945,Enterprise,120,0
4946,Free,0,1
4947,Free,0,1
4948,Free,0,0
4949,Free,0,1
4950,Enterprise,120,0
4951,Pro,50,0
4952,Basic,20,1
4953,Basic,20,0
4954,Pro,50,0
4955,Free,0,1
4956,Free,0,0
4957,Basic,20,1
4958,Free,0,0
4959,Basic,20,0
4960,Free,0,1
4961,Free,0,1
4962,Free,0,1
4963,Pro,50,0
4964,Free,0,1
4965,Enterprise,120,0
4966,Free,0,0
4967,Pro,50,0
4968,Pro,50,0
4969,Enterprise,120,0
4970,Pro,50,0
4971,Free,0,1
4972,Free,0,1
4973,Basic,20,0
4974,Free,0,0
4975,Free,0,0
4976,Pro,50,0
4977,Basic,20,1
4978,Basic,20,0
4979,Enterprise,120,1
4980,Basic,20,0
4981,Basic,20,0
4982,Pro,50,0
4983,Free,0,0
4984,Free,0,0
4985,Enterprise,120,0
4986,Enterprise,120,0
4987,Pro,50,0
4988,Basic,20,1
4989,Pro,50,1
4990,Free,0,1
4991,Free,0,1
4992,Basic,20,1
4993,Basic,20,0
4994,Free,0,0
4995,Free,0,0
4996,Free,0,1
4997,Basic,20,0
4998,Pro,50,0
4999,Basic,20,0
5000,Free,0,0
